population_size,elite_size,mutation_rate,pmx,generations,allow_dups,generation,best_fitness,avg_child_fitness,survival_rate,delta_best,success_ratio,crossover_gain,mutation_gain
10,3,0.1,False,150,False,1,0.4804647466990329,0.3539675511520013,1.0,0.0,0.14285714285714285,-0.014652894961157384,-0.04716540600490754
10,3,0.1,False,150,False,2,0.4804647466990329,0.3716327476899239,0.6666666666666666,0.0,0.14285714285714285,0.014846770155567266,0.0
10,3,0.1,False,150,False,3,0.4804647466990329,0.4272600741282587,0.6666666666666666,0.0,0.42857142857142855,0.027567542232156413,0.0
10,3,0.1,False,150,False,4,0.5259403982399293,0.40281999219136316,0.3333333333333333,0.045475651540896445,0.2857142857142857,-0.03687904152207126,0.0
10,3,0.1,False,150,False,5,0.5459878695609798,0.4154221598151744,0.6666666666666666,0.020047471321050447,0.2857142857142857,0.03273348248716553,0.0
10,3,0.1,False,150,False,6,0.5829488687940708,0.4094795851793243,0.6666666666666666,0.03696099923309104,0.2857142857142857,-0.030922179755813604,0.0
10,3,0.1,False,150,False,7,0.5829488687940708,0.4160172965218506,1.0,0.0,0.2857142857142857,0.008699847652537134,0.0
10,3,0.1,False,150,False,8,0.5829488687940708,0.4314158082723663,0.3333333333333333,0.0,0.14285714285714285,-0.02407101893581714,0.0
10,3,0.1,False,150,False,9,0.5829488687940708,0.4624872313101398,1.0,0.0,0.0,-0.00676035089516676,0.0
10,3,0.1,False,150,False,10,0.5829488687940708,0.5077917129058656,0.3333333333333333,0.0,0.2857142857142857,-0.005955172926205335,-0.01474093505223173
10,3,0.1,False,150,False,11,0.5829488687940708,0.4973342918189649,1.0,0.0,0.0,-0.022856745977473465,-0.017371399814126498
10,3,0.1,False,150,False,12,0.5829488687940708,0.5256044751312609,1.0,0.0,0.0,0.0036900626873839692,-0.0018420125672004573
10,3,0.1,False,150,False,13,0.5829488687940708,0.5291115254488978,1.0,0.0,0.14285714285714285,-0.010500767877385131,0.0
10,3,0.1,False,150,False,14,0.5829488687940708,0.5468935205732796,0.6666666666666666,0.0,0.0,0.0022049269674518607,0.0
10,3,0.1,False,150,False,15,0.5829488687940708,0.5523513840072818,1.0,0.0,0.2857142857142857,-0.00033929672930061675,0.0037727698918903485
10,3,0.1,False,150,False,16,0.5829488687940708,0.5554582979539632,1.0,0.0,0.14285714285714285,-0.014527370213950739,0.0
10,3,0.1,False,150,False,17,0.5829488687940708,0.5627826759500483,1.0,0.0,0.14285714285714285,-0.0027250520425180025,-0.004074051336790563
10,3,0.1,False,150,False,18,0.5829488687940708,0.5661102216762204,1.0,0.0,0.14285714285714285,-0.0003712018942422552,0.0
10,3,0.1,False,150,False,19,0.5829488687940708,0.5672680346571466,1.0,0.0,0.2857142857142857,-0.0009189112732581447,0.0014305560636231895
10,3,0.1,False,150,False,20,0.5829488687940708,0.5621306136211935,0.6666666666666666,0.0,0.0,-0.008415646099174381,0.0
10,3,0.1,False,150,False,21,0.5840556481712108,0.5576526370141432,0.6666666666666666,0.001106779377139988,0.2857142857142857,-0.005984123974267318,0.0
10,3,0.1,False,150,False,22,0.5840556481712108,0.5496456590024321,0.6666666666666666,0.0,0.14285714285714285,-0.00865121196902555,-0.0021690090134069973
10,3,0.1,False,150,False,23,0.610504836680737,0.5551639099624699,0.3333333333333333,0.026449188509526156,0.42857142857142855,0.009800277397047776,-0.018177999160889247
10,3,0.1,False,150,False,24,0.6158447156607924,0.561300833527981,0.3333333333333333,0.00533987898005539,0.2857142857142857,-0.0005954877114593257,0.0
10,3,0.1,False,150,False,25,0.6158447156607924,0.562914657551506,1.0,0.0,0.0,-0.017317718042627144,0.0
10,3,0.1,False,150,False,26,0.6158447156607924,0.5726938219769394,0.6666666666666666,0.0,0.0,0.00043174796929030493,-0.010694938222424288
10,3,0.1,False,150,False,27,0.6158447156607924,0.5830334824713718,1.0,0.0,0.0,-0.0049242890846644205,0.0
10,3,0.1,False,150,False,28,0.6158447156607924,0.5963570119843877,0.6666666666666666,0.0,0.0,-0.0012484067347994867,0.0
10,3,0.1,False,150,False,29,0.6158447156607924,0.5992568443559925,1.0,0.0,0.2857142857142857,0.0030164800822808685,0.0
10,3,0.1,False,150,False,30,0.6158447156607924,0.5933975934925865,0.6666666666666666,0.0,0.14285714285714285,-0.00338595013469521,-0.03381545956167786
10,3,0.1,False,150,False,31,0.6158447156607924,0.5906961544198824,1.0,0.0,0.0,-0.0068235286737706735,0.0
10,3,0.1,False,150,False,32,0.6158447156607924,0.584663846445523,1.0,0.0,0.14285714285714285,-0.010759562010859655,-0.011552648414472011
10,3,0.1,False,150,False,33,0.6158447156607924,0.591573760181619,0.6666666666666666,0.0,0.5714285714285714,0.0008844145484953206,0.0
10,3,0.1,False,150,False,34,0.6158447156607924,0.5727793028287788,1.0,0.0,0.0,-0.01173563349096001,-0.005581679869758105
10,3,0.1,False,150,False,35,0.6158447156607924,0.575351451591243,1.0,0.0,0.14285714285714285,-0.00898705733318166,-0.022306459296277614
10,3,0.1,False,150,False,36,0.6158447156607924,0.5545123495892735,1.0,0.0,0.0,-0.023434006895519315,-0.0555997047864184
10,3,0.1,False,150,False,37,0.6158447156607924,0.5641998307861524,1.0,0.0,0.14285714285714285,0.005177311487609788,-0.0280863583330474
10,3,0.1,False,150,False,38,0.6158447156607924,0.5760445722148791,1.0,0.0,0.0,-0.002004890917864044,-0.05189334666105294
10,3,0.1,False,150,False,39,0.6171980528577008,0.5842594645032563,0.6666666666666666,0.001353337196908444,0.42857142857142855,0.011886484100406205,0.0
10,3,0.1,False,150,False,40,0.6171980528577008,0.5921468403387244,1.0,0.0,0.14285714285714285,0.006732446525316127,-0.028741957146555752
10,3,0.1,False,150,False,41,0.6171980528577008,0.5956701235862177,0.6666666666666666,0.0,0.0,-0.0010306473232919286,-0.04392419465742042
10,3,0.1,False,150,False,42,0.6171980528577008,0.5952433454882674,1.0,0.0,0.0,-0.0012379815439297179,0.0
10,3,0.1,False,150,False,43,0.6171980528577008,0.5978061087201659,1.0,0.0,0.0,-0.010328146692189875,0.0
10,3,0.1,False,150,False,44,0.6171980528577008,0.5929805678899525,1.0,0.0,0.0,-0.007887377404829667,0.0
10,3,0.1,False,150,False,45,0.6171980528577008,0.5854911424070981,1.0,0.0,0.0,-0.006921427018470475,-0.010852719446765913
10,3,0.1,False,150,False,46,0.6171980528577008,0.5897301193871574,0.6666666666666666,0.0,0.2857142857142857,-0.00031453237519869185,0.0
10,3,0.1,False,150,False,47,0.6171980528577008,0.5932941994874278,1.0,0.0,0.14285714285714285,-0.0057613267446560935,-0.0030396238511816165
10,3,0.1,False,150,False,48,0.6171980528577008,0.5856455497091865,1.0,0.0,0.0,-0.010944115653424125,-0.010052584086698735
10,3,0.1,False,150,False,49,0.6171980528577008,0.5987503347284809,1.0,0.0,0.14285714285714285,0.00397013611664454,0.0
10,3,0.1,False,150,False,50,0.6171980528577008,0.5978511831779071,0.6666666666666666,0.0,0.14285714285714285,-0.009545215819976678,0.004753007280332122
10,3,0.1,False,150,False,51,0.6171980528577008,0.6013289734177016,1.0,0.0,0.0,-0.004031390373489493,0.0
10,3,0.1,False,150,False,52,0.6171980528577008,0.5962057381931384,1.0,0.0,0.0,-0.006470529251517666,-0.016251810608597483
10,3,0.1,False,150,False,53,0.6171980528577008,0.5790951007768559,1.0,0.0,0.14285714285714285,-0.020628012747706505,-0.005537719569507049
10,3,0.1,False,150,False,54,0.6171980528577008,0.5865890802780128,1.0,0.0,0.14285714285714285,-0.008559793914124742,0.005835419716294643
10,3,0.1,False,150,False,55,0.6171980528577008,0.5829709030033529,1.0,0.0,0.0,-0.010651294103760898,1.1102230246251565e-16
10,3,0.1,False,150,False,56,0.6171980528577008,0.577270030566414,1.0,0.0,0.14285714285714285,-0.011152630817990561,-0.00948225709771755
10,3,0.1,False,150,False,57,0.6171980528577008,0.5859326074504229,1.0,0.0,0.0,0.00011968854837975305,-0.004606518861720477
10,3,0.1,False,150,False,58,0.6171980528577008,0.5927102908785817,1.0,0.0,0.14285714285714285,-0.0041989493084915175,-0.01460531879419058
10,3,0.1,False,150,False,59,0.6171980528577008,0.5995973225529022,1.0,0.0,0.0,-0.004066271463079426,0.0
10,3,0.1,False,150,False,60,0.6171980528577008,0.5882136583242755,1.0,0.0,0.0,-0.014591410027151887,0.0
10,3,0.1,False,150,False,61,0.6171980528577008,0.5858831431994141,1.0,0.0,0.0,-0.0063337603756222615,-0.04132138671987151
10,3,0.1,False,150,False,62,0.6171980528577008,0.5869296778199568,1.0,0.0,0.0,0.0025996180102422217,-0.019374557445079505
10,3,0.1,False,150,False,63,0.6171980528577008,0.5850209729114063,1.0,0.0,0.14285714285714285,-0.008056988819934758,0.0013807500147527407
10,3,0.1,False,150,False,64,0.6171980528577008,0.5939492308015141,1.0,0.0,0.0,-0.006585358619944867,0.0
10,3,0.1,False,150,False,65,0.6171980528577008,0.6007575447838235,1.0,0.0,0.0,-0.003054678770475605,-0.018431388204610766
10,3,0.1,False,150,False,66,0.6171980528577008,0.5948631080837173,1.0,0.0,0.0,-0.005154477207290358,-0.009569929075289862
10,3,0.1,False,150,False,67,0.6171980528577008,0.5904244487815964,1.0,0.0,0.0,-0.010393206188134631,0.0
10,3,0.1,False,150,False,68,0.6171980528577008,0.5938929366486045,1.0,0.0,0.14285714285714285,-0.004667557213125871,-0.01852720203829361
10,3,0.1,False,150,False,69,0.6171980528577008,0.5797423467345302,1.0,0.0,0.14285714285714285,-0.011221830734149634,-0.010135789169338383
10,3,0.1,False,150,False,70,0.6171980528577008,0.5839031407237435,1.0,0.0,0.14285714285714285,-0.007614167133705837,-0.018642149674558794
10,3,0.1,False,150,False,71,0.6171980528577008,0.5867541949225378,1.0,0.0,0.14285714285714285,-0.0053009560640666165,0.004195370587542824
10,3,0.1,False,150,False,72,0.6171980528577008,0.5918067015134312,1.0,0.0,0.0,-0.003143830415646587,-0.01628777545619675
10,3,0.1,False,150,False,73,0.6171980528577008,0.5897649741017343,1.0,0.0,0.0,-0.008977107143028937,0.01535835794127538
10,3,0.1,False,150,False,74,0.6171980528577008,0.5895575153700897,1.0,0.0,0.0,-0.002601368870976744,-0.014076010318305077
10,3,0.1,False,150,False,75,0.6171980528577008,0.5825837938554252,1.0,0.0,0.0,-0.014890980371675308,0.0
10,3,0.1,False,150,False,76,0.6171980528577008,0.5949774091459661,1.0,0.0,0.0,-0.0007640035893331509,0.0
10,3,0.1,False,150,False,77,0.6171980528577008,0.5706278023098756,1.0,0.0,0.0,-0.01186715251104799,-0.017196112673935504
10,3,0.1,False,150,False,78,0.6171980528577008,0.5753832151226007,1.0,0.0,0.0,-0.005403873163823244,-0.012776174005159069
10,3,0.1,False,150,False,79,0.6171980528577008,0.5855527329032251,1.0,0.0,0.0,-0.003143038183029412,0.0
10,3,0.1,False,150,False,80,0.6171980528577008,0.5829796803427971,1.0,0.0,0.0,-0.004055196961256209,-0.02139422274181546
10,3,0.1,False,150,False,81,0.6171980528577008,0.5791402471675832,1.0,0.0,0.0,-0.01901853953165798,0.0
10,3,0.1,False,150,False,82,0.6171980528577008,0.5925916097151804,1.0,0.0,0.14285714285714285,0.00039453771400984765,0.0
10,3,0.1,False,150,False,83,0.6171980528577008,0.5852058017115915,1.0,0.0,0.0,-0.008092844475599024,0.0
10,3,0.1,False,150,False,84,0.6171980528577008,0.5711666880258867,1.0,0.0,0.0,-0.009595667269830046,-0.042961924515899974
10,3,0.1,False,150,False,85,0.6205403469439968,0.5687784084601119,0.6666666666666666,0.0033422940862960493,0.2857142857142857,-0.010760334215196019,0.004478380857577902
10,3,0.1,False,150,False,86,0.6205403469439968,0.5826657670597022,1.0,0.0,0.14285714285714285,0.0016762864424873433,-0.016359024874224137
10,3,0.1,False,150,False,87,0.6205403469439968,0.5841830275803569,1.0,0.0,0.14285714285714285,-0.0037289993204093603,0.0015081308288235062
10,3,0.1,False,150,False,88,0.6205403469439968,0.5958697023412594,1.0,0.0,0.14285714285714285,0.00037365663174436314,-0.008710878304007741
10,3,0.1,False,150,False,89,0.6205403469439968,0.5935240713239983,1.0,0.0,0.0,-0.006087924175639288,-0.05032607063321737
10,3,0.1,False,150,False,90,0.6205403469439968,0.5850790604911703,1.0,0.0,0.0,-0.012847196906319096,-0.01393006017212206
10,3,0.1,False,150,False,91,0.6205403469439968,0.5826430838107598,1.0,0.0,0.0,-0.009619040180170457,0.0
10,3,0.1,False,150,False,92,0.6205403469439968,0.5899918609867534,1.0,0.0,0.14285714285714285,-0.003556464199177719,0.0
10,3,0.1,False,150,False,93,0.6205403469439968,0.5939179400607519,1.0,0.0,0.0,-0.011634344835860946,0.0
10,3,0.1,False,150,False,94,0.6205403469439968,0.5867934846561379,1.0,0.0,0.0,-0.017900450581504357,0.0
10,3,0.1,False,150,False,95,0.6205403469439968,0.5786485836681511,1.0,0.0,0.0,-0.01491577497402406,0.0
10,3,0.1,False,150,False,96,0.6205403469439968,0.5731539585101321,1.0,0.0,0.42857142857142855,-0.0032413275947925806,0.010833905908461672
10,3,0.1,False,150,False,97,0.6205403469439968,0.5715123057920988,1.0,0.0,0.14285714285714285,-0.008549380429224642,0.003797623256806215
10,3,0.1,False,150,False,98,0.6205403469439968,0.5499449045380044,1.0,0.0,0.2857142857142857,-0.01372007439242473,0.004642788997175407
10,3,0.1,False,150,False,99,0.6205403469439968,0.5773242357793406,0.3333333333333333,0.0,0.0,0.008922799820325924,0.0
10,3,0.1,False,150,False,100,0.6205403469439968,0.5461138426600906,1.0,0.0,0.0,-0.01814778771345476,-0.02709121019795746
10,3,0.1,False,150,False,101,0.6205403469439968,0.5584990825409271,1.0,0.0,0.0,0.0004566022622129224,-0.0013737703402511015
10,3,0.1,False,150,False,102,0.6222251054105292,0.5694067321646585,0.6666666666666666,0.0016847584665323767,0.14285714285714285,0.0009527472604604467,0.0
10,3,0.1,False,150,False,103,0.6222251054105292,0.5830020643648895,1.0,0.0,0.0,0.005787465522350511,0.0
10,3,0.1,False,150,False,104,0.6222251054105292,0.5839112570478736,1.0,0.0,0.0,-0.007021785997005504,0.0
10,3,0.1,False,150,False,105,0.6222251054105292,0.5819322270384244,1.0,0.0,0.0,-0.00736951118092255,-0.02658656627968098
10,3,0.1,False,150,False,106,0.6222251054105292,0.5955534357881225,1.0,0.0,0.0,0.002631004431203375,0.0
10,3,0.1,False,150,False,107,0.6222251054105292,0.5910089628416811,1.0,0.0,0.0,-0.006604075330021243,-0.014452843438852336
10,3,0.1,False,150,False,108,0.6222251054105292,0.5942012752914548,0.6666666666666666,0.0,0.14285714285714285,-0.0009739796940794188,0.0
10,3,0.1,False,150,False,109,0.6222251054105292,0.5942400839851393,1.0,0.0,0.0,-0.006019491088889979,0.0
10,3,0.1,False,150,False,110,0.6222251054105292,0.5905893691544387,1.0,0.0,0.0,-0.006363503353695098,-0.007688322650670432
10,3,0.1,False,150,False,111,0.6222251054105292,0.5940915421721756,1.0,0.0,0.14285714285714285,-0.0010226023957257135,0.0
10,3,0.1,False,150,False,112,0.6222251054105292,0.5939312380779632,1.0,0.0,0.14285714285714285,-0.006766796836101882,-0.02278461699112122
10,3,0.1,False,150,False,113,0.6222251054105292,0.5909968240944912,1.0,0.0,0.0,-0.008554373009474243,1.1102230246251565e-16
10,3,0.1,False,150,False,114,0.6222251054105292,0.5980331183742725,0.6666666666666666,0.0,0.0,-0.006461059102726636,2.220446049250313e-16
10,3,0.1,False,150,False,115,0.6222251054105292,0.6004655052520386,1.0,0.0,0.0,-0.004022238586640081,0.0
10,3,0.1,False,150,False,116,0.6222251054105292,0.5919081647110008,1.0,0.0,0.0,-0.0111955206410629,-0.015930527155868734
10,3,0.1,False,150,False,117,0.6222251054105292,0.5912091040437216,1.0,0.0,0.0,-0.009473085766627405,0.0
10,3,0.1,False,150,False,118,0.6222251054105292,0.5935002009478622,1.0,0.0,0.0,-0.003588284803230067,0.0
10,3,0.1,False,150,False,119,0.6230505934010043,0.5962117088786327,0.6666666666666666,0.0008254879904751045,0.14285714285714285,-0.0035237577977711592,0.0
10,3,0.1,False,150,False,120,0.628173831057726,0.6093195281760587,0.6666666666666666,0.005123237656721624,0.14285714285714285,0.004465552254920354,-0.012603737479559562
10,3,0.1,False,150,False,121,0.628173831057726,0.6098887661017155,1.0,0.0,0.14285714285714285,-0.005697186686409268,-0.008333535641912526
10,3,0.1,False,150,False,122,0.628173831057726,0.6000119699055431,1.0,0.0,0.0,-0.006543663107522206,-0.01271685622480373
10,3,0.1,False,150,False,123,0.628173831057726,0.5907578161414117,0.6666666666666666,0.0,0.2857142857142857,-0.0034358759311833775,-0.019205141895827966
10,3,0.1,False,150,False,124,0.628173831057726,0.5939343836910507,1.0,0.0,0.0,-0.008101521814864343,0.0
10,3,0.1,False,150,False,125,0.628173831057726,0.5768603322668995,1.0,0.0,0.0,-0.010926901882159295,0.0
10,3,0.1,False,150,False,126,0.628173831057726,0.5662491250433224,1.0,0.0,0.0,-0.019764382222552692,-0.0024952878947427926
10,3,0.1,False,150,False,127,0.628173831057726,0.576074001084461,1.0,0.0,0.0,-0.002226459420738339,-0.0158703757047457
10,3,0.1,False,150,False,128,0.628173831057726,0.572370098890177,1.0,0.0,0.0,-0.0124601413650702,0.0014123605810162365
10,3,0.1,False,150,False,129,0.628173831057726,0.571922743021047,1.0,0.0,0.14285714285714285,-0.007607380672687102,0.0
10,3,0.1,False,150,False,130,0.628173831057726,0.5831545483323837,1.0,0.0,0.14285714285714285,0.0006067419859135155,-0.026977154881341114
10,3,0.1,False,150,False,131,0.628173831057726,0.5708059562416531,1.0,0.0,0.14285714285714285,-0.012109747745764772,0.0
10,3,0.1,False,150,False,132,0.628173831057726,0.5774276602428461,1.0,0.0,0.14285714285714285,-0.007752826892491206,0.028524844955067463
10,3,0.1,False,150,False,133,0.628173831057726,0.5820466089568439,1.0,0.0,0.0,-0.011307337388671417,0.0
10,3,0.1,False,150,False,134,0.628173831057726,0.5834505625475108,1.0,0.0,0.14285714285714285,-0.005137862943725107,0.0
10,3,0.1,False,150,False,135,0.628173831057726,0.5988369296147743,1.0,0.0,0.0,-0.012057021137408919,0.0
10,3,0.1,False,150,False,136,0.628173831057726,0.5935788229178071,1.0,0.0,0.0,-0.004574209265205639,-0.00960392786334624
10,3,0.1,False,150,False,137,0.628173831057726,0.5927273708959241,1.0,0.0,0.14285714285714285,-0.0023482062479757942,1.1102230246251565e-16
10,3,0.1,False,150,False,138,0.628173831057726,0.5955865186002642,1.0,0.0,0.0,-0.009974530589397648,0.0
10,3,0.1,False,150,False,139,0.628173831057726,0.6058904084378958,1.0,0.0,0.42857142857142855,0.004751621827428213,0.0
10,3,0.1,False,150,False,140,0.628173831057726,0.6034324316454871,1.0,0.0,0.0,-0.005177191011140987,0.0
10,3,0.1,False,150,False,141,0.6290566255920208,0.6027883630717378,0.6666666666666666,0.0008827945342948507,0.2857142857142857,-0.0032247320467479546,-0.007921897857257165
10,3,0.1,False,150,False,142,0.6290566255920208,0.5897748311104165,1.0,0.0,0.0,-0.013837035818076968,-0.018472096394877346
10,3,0.1,False,150,False,143,0.6290566255920208,0.5923724755391976,1.0,0.0,0.14285714285714285,-0.00617579088600863,0.0
10,3,0.1,False,150,False,144,0.6290566255920208,0.5717978754271853,1.0,0.0,0.14285714285714285,-0.016768152870898136,-0.05831024199836732
10,3,0.1,False,150,False,145,0.6290566255920208,0.5687413936647318,1.0,0.0,0.0,-0.011105662461848203,0.0
10,3,0.1,False,150,False,146,0.6290566255920208,0.554710321812133,0.6666666666666666,0.0,0.0,-0.030428319274549556,0.0
10,3,0.1,False,150,False,147,0.6290566255920208,0.5830908472045861,1.0,0.0,0.0,0.013525564128271042,-0.011758853626534504
10,3,0.1,False,150,False,148,0.6290566255920208,0.5829424619019248,1.0,0.0,0.0,-0.007186730287985729,-0.012886314278835687
10,3,0.1,False,150,False,149,0.6290566255920208,0.5901568972767677,1.0,0.0,0.0,-0.01227369182357328,0.0
10,3,0.1,False,150,False,150,0.6290566255920208,0.5886279302312827,1.0,0.0,0.0,-0.006516648896813725,0.0
10,15,0.1,False,150,False,1,0.48189654074260946,0.0,1.0,0.0,0.0,0.0,0.0
10,15,0.1,False,150,False,2,0.48189654074260946,0.0,1.0,0.0,0.0,0.0,0.0
10,15,0.1,False,150,False,3,0.48189654074260946,0.0,1.0,0.0,0.0,0.0,0.0
10,15,0.1,False,150,False,4,0.48189654074260946,0.0,1.0,0.0,0.0,0.0,0.0
10,15,0.1,False,150,False,5,0.48189654074260946,0.0,1.0,0.0,0.0,0.0,0.0
10,15,0.1,False,150,False,6,0.48189654074260946,0.0,1.0,0.0,0.0,0.0,0.0
10,15,0.1,False,150,False,7,0.48189654074260946,0.0,1.0,0.0,0.0,0.0,0.0
10,15,0.1,False,150,False,8,0.48189654074260946,0.0,1.0,0.0,0.0,0.0,0.0
10,15,0.1,False,150,False,9,0.48189654074260946,0.0,1.0,0.0,0.0,0.0,0.0
10,15,0.1,False,150,False,10,0.48189654074260946,0.0,1.0,0.0,0.0,0.0,0.0
10,15,0.1,False,150,False,11,0.48189654074260946,0.0,1.0,0.0,0.0,0.0,0.0
10,15,0.1,False,150,False,12,0.48189654074260946,0.0,1.0,0.0,0.0,0.0,0.0
10,15,0.1,False,150,False,13,0.48189654074260946,0.0,1.0,0.0,0.0,0.0,0.0
10,15,0.1,False,150,False,14,0.48189654074260946,0.0,1.0,0.0,0.0,0.0,0.0
10,15,0.1,False,150,False,15,0.48189654074260946,0.0,1.0,0.0,0.0,0.0,0.0
10,15,0.1,False,150,False,16,0.48189654074260946,0.0,1.0,0.0,0.0,0.0,0.0
10,15,0.1,False,150,False,17,0.48189654074260946,0.0,1.0,0.0,0.0,0.0,0.0
10,15,0.1,False,150,False,18,0.48189654074260946,0.0,1.0,0.0,0.0,0.0,0.0
10,15,0.1,False,150,False,19,0.48189654074260946,0.0,1.0,0.0,0.0,0.0,0.0
10,15,0.1,False,150,False,20,0.48189654074260946,0.0,1.0,0.0,0.0,0.0,0.0
10,15,0.1,False,150,False,21,0.48189654074260946,0.0,1.0,0.0,0.0,0.0,0.0
10,15,0.1,False,150,False,22,0.48189654074260946,0.0,1.0,0.0,0.0,0.0,0.0
10,15,0.1,False,150,False,23,0.48189654074260946,0.0,1.0,0.0,0.0,0.0,0.0
10,15,0.1,False,150,False,24,0.48189654074260946,0.0,1.0,0.0,0.0,0.0,0.0
10,15,0.1,False,150,False,25,0.48189654074260946,0.0,1.0,0.0,0.0,0.0,0.0
10,15,0.1,False,150,False,26,0.48189654074260946,0.0,1.0,0.0,0.0,0.0,0.0
10,15,0.1,False,150,False,27,0.48189654074260946,0.0,1.0,0.0,0.0,0.0,0.0
10,15,0.1,False,150,False,28,0.48189654074260946,0.0,1.0,0.0,0.0,0.0,0.0
10,15,0.1,False,150,False,29,0.48189654074260946,0.0,1.0,0.0,0.0,0.0,0.0
10,15,0.1,False,150,False,30,0.48189654074260946,0.0,1.0,0.0,0.0,0.0,0.0
10,15,0.1,False,150,False,31,0.48189654074260946,0.0,1.0,0.0,0.0,0.0,0.0
10,15,0.1,False,150,False,32,0.48189654074260946,0.0,1.0,0.0,0.0,0.0,0.0
10,15,0.1,False,150,False,33,0.48189654074260946,0.0,1.0,0.0,0.0,0.0,0.0
10,15,0.1,False,150,False,34,0.48189654074260946,0.0,1.0,0.0,0.0,0.0,0.0
10,15,0.1,False,150,False,35,0.48189654074260946,0.0,1.0,0.0,0.0,0.0,0.0
10,15,0.1,False,150,False,36,0.48189654074260946,0.0,1.0,0.0,0.0,0.0,0.0
10,15,0.1,False,150,False,37,0.48189654074260946,0.0,1.0,0.0,0.0,0.0,0.0
10,15,0.1,False,150,False,38,0.48189654074260946,0.0,1.0,0.0,0.0,0.0,0.0
10,15,0.1,False,150,False,39,0.48189654074260946,0.0,1.0,0.0,0.0,0.0,0.0
10,15,0.1,False,150,False,40,0.48189654074260946,0.0,1.0,0.0,0.0,0.0,0.0
10,15,0.1,False,150,False,41,0.48189654074260946,0.0,1.0,0.0,0.0,0.0,0.0
10,15,0.1,False,150,False,42,0.48189654074260946,0.0,1.0,0.0,0.0,0.0,0.0
10,15,0.1,False,150,False,43,0.48189654074260946,0.0,1.0,0.0,0.0,0.0,0.0
10,15,0.1,False,150,False,44,0.48189654074260946,0.0,1.0,0.0,0.0,0.0,0.0
10,15,0.1,False,150,False,45,0.48189654074260946,0.0,1.0,0.0,0.0,0.0,0.0
10,15,0.1,False,150,False,46,0.48189654074260946,0.0,1.0,0.0,0.0,0.0,0.0
10,15,0.1,False,150,False,47,0.48189654074260946,0.0,1.0,0.0,0.0,0.0,0.0
10,15,0.1,False,150,False,48,0.48189654074260946,0.0,1.0,0.0,0.0,0.0,0.0
10,15,0.1,False,150,False,49,0.48189654074260946,0.0,1.0,0.0,0.0,0.0,0.0
10,15,0.1,False,150,False,50,0.48189654074260946,0.0,1.0,0.0,0.0,0.0,0.0
10,15,0.1,False,150,False,51,0.48189654074260946,0.0,1.0,0.0,0.0,0.0,0.0
10,15,0.1,False,150,False,52,0.48189654074260946,0.0,1.0,0.0,0.0,0.0,0.0
10,15,0.1,False,150,False,53,0.48189654074260946,0.0,1.0,0.0,0.0,0.0,0.0
10,15,0.1,False,150,False,54,0.48189654074260946,0.0,1.0,0.0,0.0,0.0,0.0
10,15,0.1,False,150,False,55,0.48189654074260946,0.0,1.0,0.0,0.0,0.0,0.0
10,15,0.1,False,150,False,56,0.48189654074260946,0.0,1.0,0.0,0.0,0.0,0.0
10,15,0.1,False,150,False,57,0.48189654074260946,0.0,1.0,0.0,0.0,0.0,0.0
10,15,0.1,False,150,False,58,0.48189654074260946,0.0,1.0,0.0,0.0,0.0,0.0
10,15,0.1,False,150,False,59,0.48189654074260946,0.0,1.0,0.0,0.0,0.0,0.0
10,15,0.1,False,150,False,60,0.48189654074260946,0.0,1.0,0.0,0.0,0.0,0.0
10,15,0.1,False,150,False,61,0.48189654074260946,0.0,1.0,0.0,0.0,0.0,0.0
10,15,0.1,False,150,False,62,0.48189654074260946,0.0,1.0,0.0,0.0,0.0,0.0
10,15,0.1,False,150,False,63,0.48189654074260946,0.0,1.0,0.0,0.0,0.0,0.0
10,15,0.1,False,150,False,64,0.48189654074260946,0.0,1.0,0.0,0.0,0.0,0.0
10,15,0.1,False,150,False,65,0.48189654074260946,0.0,1.0,0.0,0.0,0.0,0.0
10,15,0.1,False,150,False,66,0.48189654074260946,0.0,1.0,0.0,0.0,0.0,0.0
10,15,0.1,False,150,False,67,0.48189654074260946,0.0,1.0,0.0,0.0,0.0,0.0
10,15,0.1,False,150,False,68,0.48189654074260946,0.0,1.0,0.0,0.0,0.0,0.0
10,15,0.1,False,150,False,69,0.48189654074260946,0.0,1.0,0.0,0.0,0.0,0.0
10,15,0.1,False,150,False,70,0.48189654074260946,0.0,1.0,0.0,0.0,0.0,0.0
10,15,0.1,False,150,False,71,0.48189654074260946,0.0,1.0,0.0,0.0,0.0,0.0
10,15,0.1,False,150,False,72,0.48189654074260946,0.0,1.0,0.0,0.0,0.0,0.0
10,15,0.1,False,150,False,73,0.48189654074260946,0.0,1.0,0.0,0.0,0.0,0.0
10,15,0.1,False,150,False,74,0.48189654074260946,0.0,1.0,0.0,0.0,0.0,0.0
10,15,0.1,False,150,False,75,0.48189654074260946,0.0,1.0,0.0,0.0,0.0,0.0
10,15,0.1,False,150,False,76,0.48189654074260946,0.0,1.0,0.0,0.0,0.0,0.0
10,15,0.1,False,150,False,77,0.48189654074260946,0.0,1.0,0.0,0.0,0.0,0.0
10,15,0.1,False,150,False,78,0.48189654074260946,0.0,1.0,0.0,0.0,0.0,0.0
10,15,0.1,False,150,False,79,0.48189654074260946,0.0,1.0,0.0,0.0,0.0,0.0
10,15,0.1,False,150,False,80,0.48189654074260946,0.0,1.0,0.0,0.0,0.0,0.0
10,15,0.1,False,150,False,81,0.48189654074260946,0.0,1.0,0.0,0.0,0.0,0.0
10,15,0.1,False,150,False,82,0.48189654074260946,0.0,1.0,0.0,0.0,0.0,0.0
10,15,0.1,False,150,False,83,0.48189654074260946,0.0,1.0,0.0,0.0,0.0,0.0
10,15,0.1,False,150,False,84,0.48189654074260946,0.0,1.0,0.0,0.0,0.0,0.0
10,15,0.1,False,150,False,85,0.48189654074260946,0.0,1.0,0.0,0.0,0.0,0.0
10,15,0.1,False,150,False,86,0.48189654074260946,0.0,1.0,0.0,0.0,0.0,0.0
10,15,0.1,False,150,False,87,0.48189654074260946,0.0,1.0,0.0,0.0,0.0,0.0
10,15,0.1,False,150,False,88,0.48189654074260946,0.0,1.0,0.0,0.0,0.0,0.0
10,15,0.1,False,150,False,89,0.48189654074260946,0.0,1.0,0.0,0.0,0.0,0.0
10,15,0.1,False,150,False,90,0.48189654074260946,0.0,1.0,0.0,0.0,0.0,0.0
10,15,0.1,False,150,False,91,0.48189654074260946,0.0,1.0,0.0,0.0,0.0,0.0
10,15,0.1,False,150,False,92,0.48189654074260946,0.0,1.0,0.0,0.0,0.0,0.0
10,15,0.1,False,150,False,93,0.48189654074260946,0.0,1.0,0.0,0.0,0.0,0.0
10,15,0.1,False,150,False,94,0.48189654074260946,0.0,1.0,0.0,0.0,0.0,0.0
10,15,0.1,False,150,False,95,0.48189654074260946,0.0,1.0,0.0,0.0,0.0,0.0
10,15,0.1,False,150,False,96,0.48189654074260946,0.0,1.0,0.0,0.0,0.0,0.0
10,15,0.1,False,150,False,97,0.48189654074260946,0.0,1.0,0.0,0.0,0.0,0.0
10,15,0.1,False,150,False,98,0.48189654074260946,0.0,1.0,0.0,0.0,0.0,0.0
10,15,0.1,False,150,False,99,0.48189654074260946,0.0,1.0,0.0,0.0,0.0,0.0
10,15,0.1,False,150,False,100,0.48189654074260946,0.0,1.0,0.0,0.0,0.0,0.0
10,15,0.1,False,150,False,101,0.48189654074260946,0.0,1.0,0.0,0.0,0.0,0.0
10,15,0.1,False,150,False,102,0.48189654074260946,0.0,1.0,0.0,0.0,0.0,0.0
10,15,0.1,False,150,False,103,0.48189654074260946,0.0,1.0,0.0,0.0,0.0,0.0
10,15,0.1,False,150,False,104,0.48189654074260946,0.0,1.0,0.0,0.0,0.0,0.0
10,15,0.1,False,150,False,105,0.48189654074260946,0.0,1.0,0.0,0.0,0.0,0.0
10,15,0.1,False,150,False,106,0.48189654074260946,0.0,1.0,0.0,0.0,0.0,0.0
10,15,0.1,False,150,False,107,0.48189654074260946,0.0,1.0,0.0,0.0,0.0,0.0
10,15,0.1,False,150,False,108,0.48189654074260946,0.0,1.0,0.0,0.0,0.0,0.0
10,15,0.1,False,150,False,109,0.48189654074260946,0.0,1.0,0.0,0.0,0.0,0.0
10,15,0.1,False,150,False,110,0.48189654074260946,0.0,1.0,0.0,0.0,0.0,0.0
10,15,0.1,False,150,False,111,0.48189654074260946,0.0,1.0,0.0,0.0,0.0,0.0
10,15,0.1,False,150,False,112,0.48189654074260946,0.0,1.0,0.0,0.0,0.0,0.0
10,15,0.1,False,150,False,113,0.48189654074260946,0.0,1.0,0.0,0.0,0.0,0.0
10,15,0.1,False,150,False,114,0.48189654074260946,0.0,1.0,0.0,0.0,0.0,0.0
10,15,0.1,False,150,False,115,0.48189654074260946,0.0,1.0,0.0,0.0,0.0,0.0
10,15,0.1,False,150,False,116,0.48189654074260946,0.0,1.0,0.0,0.0,0.0,0.0
10,15,0.1,False,150,False,117,0.48189654074260946,0.0,1.0,0.0,0.0,0.0,0.0
10,15,0.1,False,150,False,118,0.48189654074260946,0.0,1.0,0.0,0.0,0.0,0.0
10,15,0.1,False,150,False,119,0.48189654074260946,0.0,1.0,0.0,0.0,0.0,0.0
10,15,0.1,False,150,False,120,0.48189654074260946,0.0,1.0,0.0,0.0,0.0,0.0
10,15,0.1,False,150,False,121,0.48189654074260946,0.0,1.0,0.0,0.0,0.0,0.0
10,15,0.1,False,150,False,122,0.48189654074260946,0.0,1.0,0.0,0.0,0.0,0.0
10,15,0.1,False,150,False,123,0.48189654074260946,0.0,1.0,0.0,0.0,0.0,0.0
10,15,0.1,False,150,False,124,0.48189654074260946,0.0,1.0,0.0,0.0,0.0,0.0
10,15,0.1,False,150,False,125,0.48189654074260946,0.0,1.0,0.0,0.0,0.0,0.0
10,15,0.1,False,150,False,126,0.48189654074260946,0.0,1.0,0.0,0.0,0.0,0.0
10,15,0.1,False,150,False,127,0.48189654074260946,0.0,1.0,0.0,0.0,0.0,0.0
10,15,0.1,False,150,False,128,0.48189654074260946,0.0,1.0,0.0,0.0,0.0,0.0
10,15,0.1,False,150,False,129,0.48189654074260946,0.0,1.0,0.0,0.0,0.0,0.0
10,15,0.1,False,150,False,130,0.48189654074260946,0.0,1.0,0.0,0.0,0.0,0.0
10,15,0.1,False,150,False,131,0.48189654074260946,0.0,1.0,0.0,0.0,0.0,0.0
10,15,0.1,False,150,False,132,0.48189654074260946,0.0,1.0,0.0,0.0,0.0,0.0
10,15,0.1,False,150,False,133,0.48189654074260946,0.0,1.0,0.0,0.0,0.0,0.0
10,15,0.1,False,150,False,134,0.48189654074260946,0.0,1.0,0.0,0.0,0.0,0.0
10,15,0.1,False,150,False,135,0.48189654074260946,0.0,1.0,0.0,0.0,0.0,0.0
10,15,0.1,False,150,False,136,0.48189654074260946,0.0,1.0,0.0,0.0,0.0,0.0
10,15,0.1,False,150,False,137,0.48189654074260946,0.0,1.0,0.0,0.0,0.0,0.0
10,15,0.1,False,150,False,138,0.48189654074260946,0.0,1.0,0.0,0.0,0.0,0.0
10,15,0.1,False,150,False,139,0.48189654074260946,0.0,1.0,0.0,0.0,0.0,0.0
10,15,0.1,False,150,False,140,0.48189654074260946,0.0,1.0,0.0,0.0,0.0,0.0
10,15,0.1,False,150,False,141,0.48189654074260946,0.0,1.0,0.0,0.0,0.0,0.0
10,15,0.1,False,150,False,142,0.48189654074260946,0.0,1.0,0.0,0.0,0.0,0.0
10,15,0.1,False,150,False,143,0.48189654074260946,0.0,1.0,0.0,0.0,0.0,0.0
10,15,0.1,False,150,False,144,0.48189654074260946,0.0,1.0,0.0,0.0,0.0,0.0
10,15,0.1,False,150,False,145,0.48189654074260946,0.0,1.0,0.0,0.0,0.0,0.0
10,15,0.1,False,150,False,146,0.48189654074260946,0.0,1.0,0.0,0.0,0.0,0.0
10,15,0.1,False,150,False,147,0.48189654074260946,0.0,1.0,0.0,0.0,0.0,0.0
10,15,0.1,False,150,False,148,0.48189654074260946,0.0,1.0,0.0,0.0,0.0,0.0
10,15,0.1,False,150,False,149,0.48189654074260946,0.0,1.0,0.0,0.0,0.0,0.0
10,15,0.1,False,150,False,150,0.48189654074260946,0.0,1.0,0.0,0.0,0.0,0.0
100,3,0.1,False,150,False,1,0.5331815339161232,0.39385567620042994,0.3333333333333333,0.006261740555986717,0.3402061855670103,0.008123338369517081,0.03872301090539877
100,3,0.1,False,150,False,2,0.5331815339161232,0.37967745231728256,1.0,0.0,0.16494845360824742,-0.011424267424414021,-0.016664623393204445
100,3,0.1,False,150,False,3,0.5381898378619066,0.3885117522768887,0.6666666666666666,0.005008303945783332,0.20618556701030927,0.0003368389767737689,-0.004866299604118052
100,3,0.1,False,150,False,4,0.5381898378619066,0.372547887751599,1.0,0.0,0.1958762886597938,-0.017191002632361015,0.032253208877339797
100,3,0.1,False,150,False,5,0.5381898378619066,0.3691070368989204,1.0,0.0,0.16494845360824742,-0.005633635937217251,-0.03421126043514464
100,3,0.1,False,150,False,6,0.5381898378619066,0.38230743533074246,1.0,0.0,0.28865979381443296,0.010710124704369115,-0.0009715077491475987
100,3,0.1,False,150,False,7,0.5381898378619066,0.3721886345048722,1.0,0.0,0.27835051546391754,-0.009321478662708337,0.006558252683443741
100,3,0.1,False,150,False,8,0.5381898378619066,0.3711927676576894,1.0,0.0,0.21649484536082475,5.005855732243507e-05,-0.02879245729744537
100,3,0.1,False,150,False,9,0.5381898378619066,0.3678547810659629,1.0,0.0,0.23711340206185566,-0.011638056414704038,-0.011644645458462825
100,3,0.1,False,150,False,10,0.5381898378619066,0.37284586169207273,1.0,0.0,0.29896907216494845,0.003872522133384415,-0.00224174349030265
100,3,0.1,False,150,False,11,0.5381898378619066,0.3839473299679377,1.0,0.0,0.28865979381443296,0.008251546775270818,0.015011327663622398
100,3,0.1,False,150,False,12,0.5381898378619066,0.37184075040154185,1.0,0.0,0.23711340206185566,-0.0061355735228179305,0.007617243827318397
100,3,0.1,False,150,False,13,0.5381898378619066,0.3800476169831388,1.0,0.0,0.1958762886597938,-0.0019214085064157267,-0.028834597033707873
100,3,0.1,False,150,False,14,0.5412926501024774,0.371641510199803,0.6666666666666666,0.0031028122405708514,0.23711340206185566,-0.004382536746281141,-0.024584531221994003
100,3,0.1,False,150,False,15,0.5412926501024774,0.391693798064834,1.0,0.0,0.25773195876288657,0.016536449062961776,-0.006605168935536365
100,3,0.1,False,150,False,16,0.5412926501024774,0.3979131133999388,1.0,0.0,0.26804123711340205,0.0008222227937906139,0.007252486583885261
100,3,0.1,False,150,False,17,0.5412926501024774,0.3838756743243647,1.0,0.0,0.21649484536082475,-0.021749079468915584,0.01322358287595361
100,3,0.1,False,150,False,18,0.5625512317848158,0.3964415569406898,0.3333333333333333,0.021258581682338407,0.2268041237113402,-0.0033096416907706437,0.0477677623829621
100,3,0.1,False,150,False,19,0.5625512317848158,0.40002196408004087,1.0,0.0,0.2268041237113402,0.003718947650820363,-0.022120697917012287
100,3,0.1,False,150,False,20,0.5625512317848158,0.3964422710948377,0.6666666666666666,0.0,0.26804123711340205,-0.0033274606826057076,0.007246060945850233
100,3,0.1,False,150,False,21,0.5625512317848158,0.39777000281630304,0.6666666666666666,0.0,0.26804123711340205,0.0022223024027056993,-0.007269078176463626
100,3,0.1,False,150,False,22,0.5625512317848158,0.38644793006436573,1.0,0.0,0.1958762886597938,-0.006482976954529667,0.00865837325742912
100,3,0.1,False,150,False,23,0.5625512317848158,0.38857228814393324,0.6666666666666666,0.0,0.31958762886597936,0.00033324141418807345,-0.010172763094562423
100,3,0.1,False,150,False,24,0.5625512317848158,0.3991083813484163,1.0,0.0,0.25773195876288657,-0.002736781014006159,0.04027422010728989
100,3,0.1,False,150,False,25,0.5625512317848158,0.4073811204190349,1.0,0.0,0.26804123711340205,0.01025374540915082,-0.029203852929456726
100,3,0.1,False,150,False,26,0.5625512317848158,0.40885034212196447,0.6666666666666666,0.0,0.30927835051546393,-0.004260381200548036,-0.026743789074361493
100,3,0.1,False,150,False,27,0.5625512317848158,0.41889412945239646,1.0,0.0,0.20618556701030927,-0.007993743780941443,0.009855538877714216
100,3,0.1,False,150,False,28,0.577614112289492,0.42151526826037905,0.6666666666666666,0.01506288050467619,0.17525773195876287,-0.006981981456620466,-0.018879384613402002
100,3,0.1,False,150,False,29,0.577614112289492,0.42341762936859406,1.0,0.0,0.24742268041237114,0.005139933674099248,0.01417137735730733
100,3,0.1,False,150,False,30,0.577614112289492,0.4253942494660693,1.0,0.0,0.30927835051546393,0.0029994168206686034,0.004649152028655221
100,3,0.1,False,150,False,31,0.582014724664816,0.43312362512875696,0.3333333333333333,0.0044006123753239645,0.28865979381443296,0.006522685722209962,0.014095972107744492
100,3,0.1,False,150,False,32,0.5895000017373597,0.45258878844587486,0.6666666666666666,0.007485277072543761,0.31958762886597936,0.014273059528787673,0.00909560315122998
100,3,0.1,False,150,False,33,0.5895000017373597,0.45910406533217046,0.6666666666666666,0.0,0.24742268041237114,-0.004570698971222144,-0.005074239976937067
100,3,0.1,False,150,False,34,0.5895000017373597,0.4634983752978768,0.3333333333333333,0.0,0.15463917525773196,0.002039557167204179,0.01360339116138859
100,3,0.1,False,150,False,35,0.5895000017373597,0.45673985661186234,1.0,0.0,0.20618556701030927,-0.0033568638420703066,-0.005168033534796495
100,3,0.1,False,150,False,36,0.5895000017373597,0.4532373583982324,0.6666666666666666,0.0,0.26804123711340205,0.0025750538465766195,-0.008535055191069174
100,3,0.1,False,150,False,37,0.5895000017373597,0.46174801714114355,0.6666666666666666,0.0,0.27835051546391754,0.00220157158975201,0.016676201321078277
100,3,0.1,False,150,False,38,0.5895000017373597,0.46793175315038843,1.0,0.0,0.2268041237113402,0.005861406358433234,-0.013760371029073837
100,3,0.1,False,150,False,39,0.5895000017373597,0.4699529909843901,1.0,0.0,0.21649484536082475,-0.002969368420475236,-0.010611361576236466
100,3,0.1,False,150,False,40,0.5895000017373597,0.48114773334586497,1.0,0.0,0.20618556701030927,0.003198301715198915,-0.02372653757921427
100,3,0.1,False,150,False,41,0.5895000017373597,0.4831794484272838,0.6666666666666666,0.0,0.29896907216494845,0.00200360924322836,0.008860156941933588
100,3,0.1,False,150,False,42,0.6082752325019006,0.49155357760625323,0.6666666666666666,0.018775230764540907,0.26804123711340205,0.005566052666083711,-0.013132708904259818
100,3,0.1,False,150,False,43,0.6082752325019006,0.4852242942490538,0.3333333333333333,0.0,0.18556701030927836,-0.006865385757810441,-0.02578680457271476
100,3,0.1,False,150,False,44,0.6082752325019006,0.48526846414962266,1.0,0.0,0.20618556701030927,0.002868095454464494,-0.004475650452917886
100,3,0.1,False,150,False,45,0.6082752325019006,0.4827798496926257,0.6666666666666666,0.0,0.2268041237113402,-0.0017025137187266556,-0.010734930452334009
100,3,0.1,False,150,False,46,0.6098939630453455,0.4961595850960665,0.6666666666666666,0.0016187305434448573,0.24742268041237114,0.006281432614901252,0.007466884581666228
100,3,0.1,False,150,False,47,0.6098939630453455,0.4937446840569639,0.6666666666666666,0.0,0.23711340206185566,-0.004315191477475388,-0.010304202409280686
100,3,0.1,False,150,False,48,0.6098939630453455,0.49704876553258803,1.0,0.0,0.21649484536082475,9.484454278675997e-06,-0.004770189820685236
100,3,0.1,False,150,False,49,0.6098939630453455,0.49691150641187776,1.0,0.0,0.23711340206185566,0.0014508298077414584,-0.002142593047166307
100,3,0.1,False,150,False,50,0.6098939630453455,0.5010927556754743,1.0,0.0,0.20618556701030927,-0.0013151178160867734,-0.005411937490627651
100,3,0.1,False,150,False,51,0.6098939630453455,0.5026629899310938,1.0,0.0,0.1958762886597938,0.0005554711275558334,-0.002704948869178959
100,3,0.1,False,150,False,52,0.6098939630453455,0.5106119280491255,0.6666666666666666,0.0,0.26804123711340205,-4.689922957798093e-05,0.0011415414953975006
100,3,0.1,False,150,False,53,0.6098939630453455,0.515084207826841,1.0,0.0,0.26804123711340205,0.004473204786200745,-0.00230298066848873
100,3,0.1,False,150,False,54,0.6098939630453455,0.5122515099565729,1.0,0.0,0.24742268041237114,-0.002148629187505323,-0.0029928656217797166
100,3,0.1,False,150,False,55,0.6098939630453455,0.5172537122179466,1.0,0.0,0.24742268041237114,0.0022856025613314313,0.001040233764707299
100,3,0.1,False,150,False,56,0.6098939630453455,0.51427807647216,1.0,0.0,0.23711340206185566,-0.002714004482601028,-0.0034947386482785817
100,3,0.1,False,150,False,57,0.6098939630453455,0.5153737564817675,1.0,0.0,0.30927835051546393,-0.00224341817783172,-0.00040392361946645083
100,3,0.1,False,150,False,58,0.6098939630453455,0.5106741094960354,1.0,0.0,0.20618556701030927,-0.004301026766461972,-0.0004833326935718055
100,3,0.1,False,150,False,59,0.6115213320475024,0.5142739910917135,0.6666666666666666,0.0016273690021568754,0.2268041237113402,0.0027255381479080426,-0.007344971321099181
100,3,0.1,False,150,False,60,0.6115213320475024,0.5164887499599735,1.0,0.0,0.23711340206185566,0.001307558439689886,-0.007103826159151699
100,3,0.1,False,150,False,61,0.6115213320475024,0.5124469232122018,1.0,0.0,0.1958762886597938,-0.0038939286432778876,-0.0012641648976696174
100,3,0.1,False,150,False,62,0.6115213320475024,0.5109998217143993,1.0,0.0,0.26804123711340205,-0.001308251217137665,-0.005230162065789625
100,3,0.1,False,150,False,63,0.6115213320475024,0.5047446375716528,1.0,0.0,0.28865979381443296,-0.004042779985450385,0.00037009019081502004
100,3,0.1,False,150,False,64,0.6115213320475024,0.5032111227270821,1.0,0.0,0.14432989690721648,-0.005228566971304889,-0.0014359910649619748
100,3,0.1,False,150,False,65,0.6115213320475024,0.5122598819022387,1.0,0.0,0.25773195876288657,0.005563601180638857,-0.00611409682281756
100,3,0.1,False,150,False,66,0.6115213320475024,0.5085492924760385,1.0,0.0,0.2268041237113402,-0.004446834466688019,0.0011789651649217303
100,3,0.1,False,150,False,67,0.6115213320475024,0.5126186465398347,1.0,0.0,0.31958762886597936,-0.0004749211686304783,-0.005756056434670813
100,3,0.1,False,150,False,68,0.6115213320475024,0.5203252358225345,1.0,0.0,0.23711340206185566,0.004606242824576724,-0.004294984179923356
100,3,0.1,False,150,False,69,0.6115213320475024,0.522176152202884,1.0,0.0,0.27835051546391754,-0.004446669649684848,-0.001926827318017262
100,3,0.1,False,150,False,70,0.6115213320475024,0.5241120430912454,1.0,0.0,0.27835051546391754,0.001920498579286561,-0.007056877341892267
100,3,0.1,False,150,False,71,0.6115213320475024,0.5275535514076404,1.0,0.0,0.24742268041237114,-0.0016068348928131942,-0.011877966758509596
100,3,0.1,False,150,False,72,0.6115213320475024,0.5301963150942663,1.0,0.0,0.31958762886597936,0.0036912191261664214,-0.005016496775544713
100,3,0.1,False,150,False,73,0.6115213320475024,0.5337890347736257,1.0,0.0,0.27835051546391754,-8.53700741848763e-05,-0.011350553570657125
100,3,0.1,False,150,False,74,0.6115213320475024,0.5307638708940623,1.0,0.0,0.1958762886597938,-0.0032597441253151135,-0.015360392240408157
100,3,0.1,False,150,False,75,0.6115490723976096,0.5321155918000927,0.6666666666666666,2.7740350107219314e-05,0.26804123711340205,0.00037514972886257297,-0.008551020064686474
100,3,0.1,False,150,False,76,0.6115490723976096,0.5373952330249243,1.0,0.0,0.17525773195876287,0.002505637923644632,-0.007581285671018012
100,3,0.1,False,150,False,77,0.6115490723976096,0.5383014262901803,1.0,0.0,0.24742268041237114,0.000848905158151433,-0.008059172973140738
100,3,0.1,False,150,False,78,0.6115490723976096,0.5368639897784002,1.0,0.0,0.1958762886597938,0.0017002882197311331,-0.011847441174275835
100,3,0.1,False,150,False,79,0.6115490723976096,0.5392602633048424,1.0,0.0,0.2268041237113402,-1.5321409398203182e-05,-0.003980919780245136
100,3,0.1,False,150,False,80,0.6115490723976096,0.5398629030242287,1.0,0.0,0.25773195876288657,-0.0009320324655022961,-0.012347322657397825
100,3,0.1,False,150,False,81,0.6115490723976096,0.5429294012640614,1.0,0.0,0.18556701030927836,-0.0004924184271395319,-0.002049551105680209
100,3,0.1,False,150,False,82,0.6115490723976096,0.5391655605124424,1.0,0.0,0.14432989690721648,-0.002228184057838254,-0.008940972698436689
100,3,0.1,False,150,False,83,0.6115490723976096,0.5412097769361485,1.0,0.0,0.25773195876288657,-0.0026847772066860877,-0.0003504146711127698
100,3,0.1,False,150,False,84,0.6115490723976096,0.5400564119198369,1.0,0.0,0.1958762886597938,-0.0031605376738988535,-0.01855072665985135
100,3,0.1,False,150,False,85,0.6115490723976096,0.546668992979144,1.0,0.0,0.32989690721649484,0.004223556479030813,0.009395710519492737
100,3,0.1,False,150,False,86,0.6115490723976096,0.5387780869020966,1.0,0.0,0.14432989690721648,-0.006029255612179679,-0.003248516974320159
100,3,0.1,False,150,False,87,0.6115490723976097,0.5362829961774912,0.6666666666666666,1.1102230246251565e-16,0.2268041237113402,-0.0048523883109034965,-0.004438000505571329
100,3,0.1,False,150,False,88,0.6115490723976097,0.5391641579858585,1.0,0.0,0.25773195876288657,-0.00029683450226826604,-0.0015475411708822274
100,3,0.1,False,150,False,89,0.6115490723976097,0.5441007795258951,1.0,0.0,0.25773195876288657,-0.000374274280350106,-0.004922711504323759
100,3,0.1,False,150,False,90,0.6115490723976097,0.5440545211208512,1.0,0.0,0.1958762886597938,0.00047199062835622733,-0.005214663590937319
100,3,0.1,False,150,False,91,0.6115490723976097,0.5425940459010545,1.0,0.0,0.2268041237113402,0.0011596875862695739,-0.00037257597016395995
100,3,0.1,False,150,False,92,0.6115490723976097,0.53479513055297,1.0,0.0,0.2268041237113402,-0.005877268718158481,-0.00983579195304709
100,3,0.1,False,150,False,93,0.6115490723976097,0.5328389718452395,1.0,0.0,0.18556701030927836,-0.003506019457773996,-0.004436668767582058
100,3,0.1,False,150,False,94,0.6115490723976097,0.5354933008040145,1.0,0.0,0.27835051546391754,0.0021174597851101296,-0.005463321419707778
100,3,0.1,False,150,False,95,0.6115490723976097,0.5358471338525913,1.0,0.0,0.25773195876288657,-0.0013458289882135644,-0.005882720540285578
100,3,0.1,False,150,False,96,0.6115490723976097,0.5316407714302865,1.0,0.0,0.20618556701030927,-0.005312796892961225,-0.007397637067080481
100,3,0.1,False,150,False,97,0.6115490723976097,0.5306691974112084,1.0,0.0,0.15463917525773196,-0.005153858386311308,-0.0005854642298104284
100,3,0.1,False,150,False,98,0.6115490723976097,0.5305131371826607,1.0,0.0,0.16494845360824742,-0.004924391546852543,-0.004773714369456977
100,3,0.1,False,150,False,99,0.6115490723976097,0.5316570782265035,1.0,0.0,0.26804123711340205,0.0031138829680319017,-0.00910707193274234
100,3,0.1,False,150,False,100,0.6115490723976097,0.5274833298156931,1.0,0.0,0.18556701030927836,-0.006186468316426693,-0.025248708601459308
100,3,0.1,False,150,False,101,0.6115490723976097,0.5276079959495023,1.0,0.0,0.18556701030927836,-0.0021611712514230668,-0.00039896942300193805
100,3,0.1,False,150,False,102,0.6115490723976097,0.5307052106849943,1.0,0.0,0.25773195876288657,0.0010053465580034697,-0.006045835141392131
100,3,0.1,False,150,False,103,0.6115490723976097,0.5313419217171695,1.0,0.0,0.2268041237113402,0.0010498523414084154,-0.0052196458769884395
100,3,0.1,False,150,False,104,0.6115490723976098,0.5363345363740867,0.6666666666666666,1.1102230246251565e-16,0.2268041237113402,-0.0015633960731154437,-0.0064166483953229545
100,3,0.1,False,150,False,105,0.6164841567464645,0.5388998167103803,0.6666666666666666,0.004935084348854701,0.20618556701030927,-0.0029234351386508033,-0.004623402689946543
100,3,0.1,False,150,False,106,0.6164841567464645,0.5324888032696572,0.6666666666666666,0.0,0.14432989690721648,-0.0043805405351965265,-0.0009841181152310484
100,3,0.1,False,150,False,107,0.6164841567464645,0.5360678342676065,1.0,0.0,0.1958762886597938,-0.0003597312604278082,-0.007908635524437907
100,3,0.1,False,150,False,108,0.6164841567464645,0.5415030586803548,1.0,0.0,0.23711340206185566,-0.004446554002886992,0.0017960457717974912
100,3,0.1,False,150,False,109,0.6164841567464645,0.5442819018325509,1.0,0.0,0.28865979381443296,-0.0007145689950589146,-0.003195455552454198
100,3,0.1,False,150,False,110,0.6164841567464645,0.538462171896897,1.0,0.0,0.2268041237113402,-0.0022932296710941194,-0.00714371515713586
100,3,0.1,False,150,False,111,0.6164841567464645,0.5431432731889434,1.0,0.0,0.28865979381443296,0.0016477270868813215,-0.007074755306747299
100,3,0.1,False,150,False,112,0.6164841567464645,0.5431213063110396,1.0,0.0,0.20618556701030927,-0.0018487529181371264,-0.007745286881527758
100,3,0.1,False,150,False,113,0.6164841567464645,0.5501690723592407,1.0,0.0,0.24742268041237114,0.0024355367226988668,-0.006375269134449191
100,3,0.1,False,150,False,114,0.6164841567464645,0.5421957518055822,1.0,0.0,0.21649484536082475,-0.0035917353435929128,-0.00763904603811989
100,3,0.1,False,150,False,115,0.6164841567464645,0.5519761137499111,1.0,0.0,0.23711340206185566,0.0010293745506141131,-7.451371858910872e-05
100,3,0.1,False,150,False,116,0.6164841567464645,0.5530621110893826,1.0,0.0,0.2268041237113402,-0.0008106652005583439,-0.0009854220600747255
100,3,0.1,False,150,False,117,0.6164841567464645,0.5518702093212471,1.0,0.0,0.20618556701030927,-0.0009586565508447832,-0.0030821572236591007
100,3,0.1,False,150,False,118,0.6164841567464645,0.5535864797931883,1.0,0.0,0.28865979381443296,-0.0010420825575849705,0.000530361601991072
100,3,0.1,False,150,False,119,0.6164841567464645,0.5560940193246091,1.0,0.0,0.23711340206185566,0.0009287771452239054,0.0011368986366387748
100,3,0.1,False,150,False,120,0.6164841567464645,0.5551629537065773,1.0,0.0,0.25773195876288657,-0.0015973929079575744,-0.0007525800085395051
100,3,0.1,False,150,False,121,0.6164841567464645,0.5555165905137234,0.6666666666666666,0.0,0.2268041237113402,-0.001966362080333859,-0.016043587779860115
100,3,0.1,False,150,False,122,0.6164841567464645,0.5549743680276266,1.0,0.0,0.25773195876288657,-0.0008651229780652078,-0.01965251584369071
100,3,0.1,False,150,False,123,0.6164841567464645,0.5592339880658256,1.0,0.0,0.16494845360824742,0.0015693037102130923,-0.01082211862350732
100,3,0.1,False,150,False,124,0.6164841567464645,0.5572161466352296,1.0,0.0,0.1958762886597938,-0.00207376510297655,-0.014966187618943342
100,3,0.1,False,150,False,125,0.6164841567464645,0.557856205160092,1.0,0.0,0.20618556701030927,-0.0017923713837479543,-0.007852444193389855
100,3,0.1,False,150,False,126,0.6164841567464645,0.5577428890365342,1.0,0.0,0.25773195876288657,0.0009703417102065614,-0.007490323455961441
100,3,0.1,False,150,False,127,0.6164841567464645,0.5584509599322423,1.0,0.0,0.2268041237113402,0.00015846186206870086,-0.00457932529137163
100,3,0.1,False,150,False,128,0.6164841567464645,0.5566589350649757,1.0,0.0,0.29896907216494845,-0.0003635688050649079,-0.014679403688315636
100,3,0.1,False,150,False,129,0.6164841567464645,0.5578588615053169,0.6666666666666666,0.0,0.20618556701030927,-0.0012287585748812484,-0.007998690273244895
100,3,0.1,False,150,False,130,0.6164841567464645,0.5582746981866927,1.0,0.0,0.1958762886597938,-0.0014353924647162257,-0.017177157911985916
100,3,0.1,False,150,False,131,0.6164841567464645,0.5582504180883853,1.0,0.0,0.1958762886597938,-0.0006299197626030545,-0.03425320151235356
100,3,0.1,False,150,False,132,0.6164841567464645,0.5582124114537774,1.0,0.0,0.24742268041237114,-0.002354846503243332,-0.01688945944256938
100,3,0.1,False,150,False,133,0.6164841567464645,0.5554281394942802,1.0,0.0,0.25773195876288657,3.656667286420784e-05,-0.013035259273186155
100,3,0.1,False,150,False,134,0.6164841567464645,0.5564080165892701,1.0,0.0,0.2268041237113402,-0.0007251721144216802,-0.005168125220007358
100,3,0.1,False,150,False,135,0.6164841567464645,0.5584915758743078,1.0,0.0,0.23711340206185566,-0.001979296829960556,-0.015518851888487718
100,3,0.1,False,150,False,136,0.6164841567464645,0.5622265293954793,1.0,0.0,0.17525773195876287,-0.002960182683032532,-0.014031625606253453
100,3,0.1,False,150,False,137,0.6164841567464645,0.5623386944485289,1.0,0.0,0.24742268041237114,-0.0013271503854507683,-0.012183882171940755
100,3,0.1,False,150,False,138,0.6164841567464645,0.5624440780693232,1.0,0.0,0.16494845360824742,-0.001395082792755205,-0.009707072735553018
100,3,0.1,False,150,False,139,0.6164841567464645,0.562187463831583,0.6666666666666666,0.0,0.23711340206185566,0.0006620324601173786,-0.02292948123847142
100,3,0.1,False,150,False,140,0.6164841567464645,0.5597329574827398,1.0,0.0,0.1958762886597938,-0.003026417652937315,-0.009792622020418543
100,3,0.1,False,150,False,141,0.6164841567464645,0.5586603127225622,1.0,0.0,0.24742268041237114,-0.001181434427559668,-0.007717007645283478
100,3,0.1,False,150,False,142,0.6164841567464645,0.5574830509230853,1.0,0.0,0.2268041237113402,-0.0025633849222154365,-0.003762122521302385
100,3,0.1,False,150,False,143,0.6164841567464645,0.5598960767214637,1.0,0.0,0.2268041237113402,-0.0015100298507586722,-0.007841485789139657
100,3,0.1,False,150,False,144,0.6164841567464645,0.5626268732668369,0.6666666666666666,0.0,0.24742268041237114,0.0008858531079324465,-0.004935063786996083
100,3,0.1,False,150,False,145,0.6164841567464645,0.5622057225271454,1.0,0.0,0.14432989690721648,-0.00334264429835578,-0.012210296547215732
100,3,0.1,False,150,False,146,0.6164841567464645,0.5628577800701536,1.0,0.0,0.16494845360824742,-0.001009505919742143,-0.009293592649936991
100,3,0.1,False,150,False,147,0.6164841567464645,0.5626454011737629,1.0,0.0,0.32989690721649484,0.00038464997638863757,-0.004674719840244664
100,3,0.1,False,150,False,148,0.6164841567464645,0.5611628930278556,1.0,0.0,0.20618556701030927,-0.0022075067906544192,-0.006415258614335239
100,3,0.1,False,150,False,149,0.6164841567464645,0.5564439035643612,1.0,0.0,0.2268041237113402,-0.0015940028559890298,-0.0070080425405260926
100,3,0.1,False,150,False,150,0.6164841567464645,0.5540211502793543,1.0,0.0,0.25773195876288657,-0.0005929543173491373,-0.0030957171435301856
100,15,0.1,False,150,False,1,0.5384038883546532,0.40479800211311906,0.6666666666666666,0.0,0.24705882352941178,-0.0021474284476255697,0.014205937527241657
100,15,0.1,False,150,False,2,0.5384038883546532,0.4148672375134101,0.4666666666666667,0.0,0.24705882352941178,-0.0067960974263706385,-0.01913025105926832
100,15,0.1,False,150,False,3,0.5595036446623788,0.43698798200845546,0.7333333333333333,0.021099756307725537,0.27058823529411763,0.0035140035639607764,0.0021742739364814965
100,15,0.1,False,150,False,4,0.5595036446623788,0.4449767941518749,0.6,0.0,0.3176470588235294,-0.005704127407336632,-0.012040072783055772
100,15,0.1,False,150,False,5,0.5634377468935642,0.45439490463177584,0.5333333333333333,0.003934102231185399,0.2823529411764706,0.004676228890692634,-0.0014390597990259657
100,15,0.1,False,150,False,6,0.5634377468935642,0.4798862634689278,0.4666666666666667,0.0,0.3058823529411765,0.005776738576431577,0.004320622734821811
100,15,0.1,False,150,False,7,0.5634377468935642,0.4880619020231146,0.6,0.0,0.21176470588235294,-0.002003111078944136,-0.00897767704423332
100,15,0.1,False,150,False,8,0.59776598193371,0.4929324149588875,0.6666666666666666,0.034328235040145816,0.17647058823529413,-0.005596194826692654,-0.02417726640176092
100,15,0.1,False,150,False,9,0.59776598193371,0.5093959095474901,0.6,0.0,0.18823529411764706,0.0075578518129695346,-0.008544603080043164
100,15,0.1,False,150,False,10,0.5993508852147934,0.5120407942388527,0.4,0.0015849032810834052,0.2235294117647059,-0.005849402532057789,-0.001319837234368615
100,15,0.1,False,150,False,11,0.5993508852147934,0.5198916429177377,0.8666666666666667,0.0,0.18823529411764706,-0.0015081248421022822,-0.010239843832659976
100,15,0.1,False,150,False,12,0.6299003517374178,0.5224370993859457,0.8666666666666667,0.030549466522624358,0.1411764705882353,-0.0070872800571051345,-0.003661152221075366
100,15,0.1,False,150,False,13,0.6299003517374178,0.5255188161540868,0.8,0.0,0.15294117647058825,-0.005471706289065246,0.009801988618907631
100,15,0.1,False,150,False,14,0.6299003517374178,0.534984797565607,0.7333333333333333,0.0,0.21176470588235294,0.005232262078515364,-0.008646788820029104
100,15,0.1,False,150,False,15,0.6299003517374178,0.5421347391784676,0.9333333333333333,0.0,0.15294117647058825,-0.004813245458399272,-0.00981640350548263
100,15,0.1,False,150,False,16,0.6299003517374178,0.5466585269030325,0.7333333333333333,0.0,0.21176470588235294,-0.006220651755118029,-0.012742842429036982
100,15,0.1,False,150,False,17,0.6299003517374178,0.5514185147449514,0.7333333333333333,0.0,0.2,-0.005244803048734284,-0.004329068319285216
100,15,0.1,False,150,False,18,0.6299003517374178,0.5563116085281352,0.6666666666666666,0.0,0.11764705882352941,-0.00453882289616096,-0.007178207091708489
100,15,0.1,False,150,False,19,0.6299003517374178,0.5560284882162856,0.8,0.0,0.16470588235294117,-0.005624213856339924,-0.011263385189601719
100,15,0.1,False,150,False,20,0.6306647665650476,0.5572075170352871,0.8666666666666667,0.0007644148276297891,0.10588235294117647,-0.003909258146334675,-0.013101199472656
100,15,0.1,False,150,False,21,0.6306647665650476,0.557180449668122,0.6666666666666666,0.0,0.1411764705882353,-0.005789453550738503,-0.015602373513214765
100,15,0.1,False,150,False,22,0.6306647665650476,0.5637329901569436,0.7333333333333333,0.0,0.2,-0.0021169981805302307,-0.006896912758335455
100,15,0.1,False,150,False,23,0.6306647665650476,0.5657365668145666,0.8666666666666667,0.0,0.17647058823529413,-0.005387514099710882,-0.011980031152041687
100,15,0.1,False,150,False,24,0.6306647665650476,0.5648983552560126,1.0,0.0,0.11764705882352941,-0.007970341150785841,-0.006028355045539014
100,15,0.1,False,150,False,25,0.6306647665650476,0.5675731034663134,0.9333333333333333,0.0,0.12941176470588237,-0.004747338452517467,-0.017854498026464927
100,15,0.1,False,150,False,26,0.6306647665650476,0.5706619806875978,0.8,0.0,0.17647058823529413,-0.0034911518853447845,-0.011266456742820652
100,15,0.1,False,150,False,27,0.6308956686471509,0.5715602538979907,0.8666666666666667,0.00023090208210330143,0.12941176470588237,-0.005751717872457647,-0.021961843456132234
100,15,0.1,False,150,False,28,0.6328503299132348,0.5717381585221025,0.8,0.0019546612660839013,0.15294117647058825,-0.005226242009829046,-0.0035643753719829087
100,15,0.1,False,150,False,29,0.6328503299132348,0.5716065488883508,0.9333333333333333,0.0,0.09411764705882353,-0.0065980400290543174,-0.010080128251572864
100,15,0.1,False,150,False,30,0.6328503299132348,0.5719897622770929,1.0,0.0,0.21176470588235294,-0.003843798723291257,-0.020681690042665624
100,15,0.1,False,150,False,31,0.6328503299132348,0.5744430678171905,0.8666666666666667,0.0,0.11764705882352941,-0.007079474885003525,-0.009936021955187755
100,15,0.1,False,150,False,32,0.6328503299132348,0.5721448841399861,0.8666666666666667,0.0,0.16470588235294117,-0.004955704125367273,-0.010134765628178041
100,15,0.1,False,150,False,33,0.6328503299132348,0.5719285956855086,1.0,0.0,0.12941176470588237,-0.008141259273695942,-0.011271907059538353
100,15,0.1,False,150,False,34,0.636364778824571,0.5713635016171859,0.8,0.003514448911336232,0.2,-0.004453569634159735,-0.016134581037359996
100,15,0.1,False,150,False,35,0.636364778824571,0.579736757768517,0.8,0.0,0.21176470588235294,-0.00014740242557360485,-0.013896575324524065
100,15,0.1,False,150,False,36,0.636364778824571,0.5835438748368977,0.8,0.0,0.11764705882352941,-0.0055329423329936135,-0.010992949839957676
100,15,0.1,False,150,False,37,0.636364778824571,0.5854379259930873,0.9333333333333333,0.0,0.15294117647058825,-0.0064065241249440675,-0.02019394787659262
100,15,0.1,False,150,False,38,0.636364778824571,0.5857365112739716,1.0,0.0,0.18823529411764706,-0.004087549673012052,-0.012854703288028235
100,15,0.1,False,150,False,39,0.6370174642773044,0.5861046660889732,0.9333333333333333,0.000652685452733448,0.16470588235294117,-0.0057252882575573845,-0.0028805105226287456
100,15,0.1,False,150,False,40,0.6458769471574032,0.5902832369924874,0.8666666666666667,0.008859482880098746,0.07058823529411765,-0.005623708003474933,-0.01009791379367242
100,15,0.1,False,150,False,41,0.6458769471574032,0.5852326494526036,0.8666666666666667,0.0,0.11764705882352941,-0.012024297175736146,-0.009316309897261713
100,15,0.1,False,150,False,42,0.6458769471574032,0.5892655572155062,0.8666666666666667,0.0,0.21176470588235294,-0.003288822613325274,-0.012807495780955273
100,15,0.1,False,150,False,43,0.6458769471574032,0.5949186149753644,0.8666666666666667,0.0,0.2235294117647059,0.0004752125753710959,-0.0175958871273314
100,15,0.1,False,150,False,44,0.6458769471574032,0.5933933007488905,0.7333333333333333,0.0,0.15294117647058825,-0.003742274994017997,-0.018993477880253677
100,15,0.1,False,150,False,45,0.6458769471574032,0.5905681134218825,0.8666666666666667,0.0,0.07058823529411765,-0.006873807640416083,-0.0033805980004615816
100,15,0.1,False,150,False,46,0.6458769471574032,0.5911339858448691,0.9333333333333333,0.0,0.1411764705882353,-0.005016987542004707,-0.00748778949227577
100,15,0.1,False,150,False,47,0.6458769471574032,0.5920158109769886,0.8666666666666667,0.0,0.11764705882352941,-0.006052287669162959,-0.015119264690464521
100,15,0.1,False,150,False,48,0.6458769471574032,0.5891184216629588,0.9333333333333333,0.0,0.11764705882352941,-0.004308149979396086,-0.004079214884251599
100,15,0.1,False,150,False,49,0.6458769471574032,0.5951017026618177,0.8,0.0,0.17647058823529413,-0.0025906389138083442,-0.020724832913415314
100,15,0.1,False,150,False,50,0.6489788362059417,0.5951951084463037,0.8,0.0031018890485384754,0.09411764705882353,-0.007110404675748967,-0.012888390476846867
100,15,0.1,False,150,False,51,0.6564139638755537,0.5932658484891803,0.6666666666666666,0.007435127669612074,0.15294117647058825,-0.005909622023724521,-0.010372151897036917
100,15,0.1,False,150,False,52,0.6564139638755537,0.5935243608385949,0.8666666666666667,0.0,0.09411764705882353,-0.00748192216716075,-0.012116339789551303
100,15,0.1,False,150,False,53,0.6564139638755537,0.5926654402214977,0.9333333333333333,0.0,0.1411764705882353,-0.006203452623457218,-0.015002805096677166
100,15,0.1,False,150,False,54,0.6564139638755537,0.5918592304062835,1.0,0.0,0.2,-0.006772827640167264,-0.013639121822240622
100,15,0.1,False,150,False,55,0.6564139638755537,0.5940690173564659,0.8666666666666667,0.0,0.1411764705882353,-0.003977581696223415,-0.01394418221778937
100,15,0.1,False,150,False,56,0.6564139638755537,0.5944032456350706,1.0,0.0,0.16470588235294117,-0.004913424119689564,-0.01962586172207552
100,15,0.1,False,150,False,57,0.6564139638755537,0.5931426606102964,0.9333333333333333,0.0,0.07058823529411765,-0.009702939056450347,-0.014298813345804559
100,15,0.1,False,150,False,58,0.6564139638755538,0.5943311476728458,0.6,1.1102230246251565e-16,0.08235294117647059,-0.007450267288292827,-0.013055979462575053
100,15,0.1,False,150,False,59,0.6564139638755538,0.5945725811904455,0.8666666666666667,0.0,0.10588235294117647,-0.005352950130821788,-0.01639835839136692
100,15,0.1,False,150,False,60,0.6564139638755538,0.5927604106790721,1.0,0.0,0.10588235294117647,-0.0058739952784834,-0.01577062508684752
100,15,0.1,False,150,False,61,0.6564139638755538,0.595819063562561,0.9333333333333333,0.0,0.12941176470588237,-0.005977482392646562,-0.010170538014886613
100,15,0.1,False,150,False,62,0.6564139638755538,0.6002260956040941,0.9333333333333333,0.0,0.16470588235294117,-0.004473341503870984,-0.01648085421805082
100,15,0.1,False,150,False,63,0.656413963875554,0.5946518541654151,0.8666666666666667,1.1102230246251565e-16,0.11764705882352941,-0.008910499684774259,-0.012140391335875864
100,15,0.1,False,150,False,64,0.656413963875554,0.5956332548160674,1.0,0.0,0.08235294117647059,-0.0033477825812995832,-0.0034476534042304774
100,15,0.1,False,150,False,65,0.656413963875554,0.595553102780212,1.0,0.0,0.17647058823529413,-0.004323161733511783,-0.019834758398258892
100,15,0.1,False,150,False,66,0.656413963875554,0.5992363199267504,0.8666666666666667,0.0,0.11764705882352941,-0.0029181508707319583,-0.013187641561341251
100,15,0.1,False,150,False,67,0.656413963875554,0.6010950465645722,0.9333333333333333,0.0,0.1411764705882353,-0.006805052877700719,-0.01238198671095895
100,15,0.1,False,150,False,68,0.656413963875554,0.603521734082431,0.8,0.0,0.16470588235294117,-0.003268004800863719,-0.017561412300791904
100,15,0.1,False,150,False,69,0.662103079589991,0.6091226481716532,0.6666666666666666,0.005689115714437087,0.12941176470588237,-0.002005675859473108,-0.02317426974478349
100,15,0.1,False,150,False,70,0.662103079589991,0.6054719279429045,0.8666666666666667,0.0,0.12941176470588237,-0.008197581180818063,-0.007868267805346156
100,15,0.1,False,150,False,71,0.662103079589991,0.6095640822500692,0.9333333333333333,0.0,0.08235294117647059,-0.0025235878585058735,-0.02650037717576456
100,15,0.1,False,150,False,72,0.662103079589991,0.6083456377448881,0.9333333333333333,0.0,0.07058823529411765,-0.007863067349556267,-0.01728791333800149
100,15,0.1,False,150,False,73,0.662103079589991,0.6078410067785729,0.8,0.0,0.09411764705882353,-0.004673169370545831,-0.027461409908667595
100,15,0.1,False,150,False,74,0.662103079589991,0.6027717745000475,0.9333333333333333,0.0,0.08235294117647059,-0.008905386582225271,-0.018706878695461462
100,15,0.1,False,150,False,75,0.662103079589991,0.6056735712865676,0.9333333333333333,0.0,0.16470588235294117,-0.0058364695320775395,0.00882537828868385
100,15,0.1,False,150,False,76,0.662103079589991,0.6102875156779403,0.8666666666666667,0.0,0.16470588235294117,-0.004095119148485435,-0.02554464799177498
100,15,0.1,False,150,False,77,0.662103079589991,0.6115816171652283,0.7333333333333333,0.0,0.15294117647058825,-0.0034994323295347704,-0.028186807692204347
100,15,0.1,False,150,False,78,0.662103079589991,0.6086349179830326,0.9333333333333333,0.0,0.07058823529411765,-0.008671220713187811,-0.017784243304895406
100,15,0.1,False,150,False,79,0.662103079589991,0.6054281232013791,1.0,0.0,0.12941176470588237,-0.006217893505061222,-0.014931835052284495
100,15,0.1,False,150,False,80,0.662103079589991,0.6041259548075628,1.0,0.0,0.09411764705882353,-0.006346010981795996,-0.012945543491069023
100,15,0.1,False,150,False,81,0.662103079589991,0.6038246068678297,0.8666666666666667,0.0,0.16470588235294117,-0.003975351454634291,-0.013501748075376388
100,15,0.1,False,150,False,82,0.662103079589991,0.6017685374040809,1.0,0.0,0.11764705882352941,-0.006896855355454582,-0.007698090187383392
100,15,0.1,False,150,False,83,0.662103079589991,0.6015494694246724,0.8666666666666667,0.0,0.18823529411764706,-0.003081437065915051,0.002598014784500613
100,15,0.1,False,150,False,84,0.662103079589991,0.5999252435082875,1.0,0.0,0.07058823529411765,-0.008550080263630718,-0.013381013264544241
100,15,0.1,False,150,False,85,0.662103079589991,0.5992989186107638,1.0,0.0,0.047058823529411764,-0.004882553328077232,-0.013141218835227302
100,15,0.1,False,150,False,86,0.662103079589991,0.6022967145553999,0.9333333333333333,0.0,0.18823529411764706,-0.0043277902035126405,-0.008218505692194622
100,15,0.1,False,150,False,87,0.662103079589991,0.605678587523116,1.0,0.0,0.11764705882352941,-0.003392230707490205,-0.022701822667907837
100,15,0.1,False,150,False,88,0.662103079589991,0.6016904025459432,0.9333333333333333,0.0,0.11764705882352941,-0.007991481370636617,-0.019265755741176487
100,15,0.1,False,150,False,89,0.662103079589991,0.6043547360762146,1.0,0.0,0.16470588235294117,-0.0057612462912860814,-0.007627566481817685
100,15,0.1,False,150,False,90,0.662103079589991,0.5997008939965313,1.0,0.0,0.08235294117647059,-0.009143704252729817,-0.01827012446758722
100,15,0.1,False,150,False,91,0.663531195046392,0.6044578854021984,0.8666666666666667,0.0014281154564009801,0.18823529411764706,-0.003308585963273513,-0.006722429502908689
100,15,0.1,False,150,False,92,0.663531195046392,0.6051355166301869,0.9333333333333333,0.0,0.11764705882352941,-0.005581316790754625,-0.023051989397025623
100,15,0.1,False,150,False,93,0.663531195046392,0.6034680702403746,0.8666666666666667,0.0,0.09411764705882353,-0.006178573970658348,-0.020017897754940974
100,15,0.1,False,150,False,94,0.663531195046392,0.6051681887820265,0.8666666666666667,0.0,0.18823529411764706,-0.0036351122497174032,-0.017840147964409074
100,15,0.1,False,150,False,95,0.663531195046392,0.6002638104919299,0.9333333333333333,0.0,0.10588235294117647,-0.007824446105552173,-0.014007067501654893
100,15,0.1,False,150,False,96,0.663531195046392,0.6035051274357182,0.9333333333333333,0.0,0.1411764705882353,-0.006937747805703253,-0.016372945324349963
100,15,0.1,False,150,False,97,0.663531195046392,0.5996454998496875,1.0,0.0,0.12941176470588237,-0.004022351231784715,-0.025373583353385257
100,15,0.1,False,150,False,98,0.663531195046392,0.6005993473540512,0.9333333333333333,0.0,0.11764705882352941,-0.004659831164151755,-0.016128301025622793
100,15,0.1,False,150,False,99,0.663531195046392,0.6014565437098436,0.9333333333333333,0.0,0.12941176470588237,-0.007121512256241949,-0.02183343647024405
100,15,0.1,False,150,False,100,0.663531195046392,0.5987785279427847,0.9333333333333333,0.0,0.12941176470588237,-0.009575805351116929,-0.003948312940880628
100,15,0.1,False,150,False,101,0.663531195046392,0.5952717782091829,1.0,0.0,0.15294117647058825,-0.007208894196292206,-0.008015168958845931
100,15,0.1,False,150,False,102,0.663531195046392,0.5972749490920736,0.9333333333333333,0.0,0.12941176470588237,-0.005516938385189263,-0.009361335538402595
100,15,0.1,False,150,False,103,0.663531195046392,0.5978230340975136,1.0,0.0,0.12941176470588237,-0.005024381957937121,-0.013794763080468722
100,15,0.1,False,150,False,104,0.663531195046392,0.6032144489917757,0.9333333333333333,0.0,0.1411764705882353,-0.0038830303269200314,-0.004090639806132731
100,15,0.1,False,150,False,105,0.6654578413152223,0.6085080044880179,0.8666666666666667,0.0019266462688303232,0.17647058823529413,-0.004505375396034817,-0.009414654871163487
100,15,0.1,False,150,False,106,0.6654578413152223,0.6118934786546393,1.0,0.0,0.11764705882352941,-0.0049797862626438415,-0.01259142307921456
100,15,0.1,False,150,False,107,0.6654578413152223,0.6064534076601422,0.9333333333333333,0.0,0.11764705882352941,-0.008984477716786544,-0.01762901843363344
100,15,0.1,False,150,False,108,0.6654578413152223,0.6041159380583319,0.9333333333333333,0.0,0.10588235294117647,-0.004346296783614203,-0.008755371640039034
100,15,0.1,False,150,False,109,0.6654578413152223,0.6031790131984266,1.0,0.0,0.09411764705882353,-0.00849705324948921,-0.01705712940042699
100,15,0.1,False,150,False,110,0.6654578413152223,0.6011924841038065,1.0,0.0,0.10588235294117647,-0.005504666942758425,-0.011726108198614674
100,15,0.1,False,150,False,111,0.6654578413152223,0.6024408884243558,0.9333333333333333,0.0,0.07058823529411765,-0.004570203091807862,-0.01399234433433956
100,15,0.1,False,150,False,112,0.6654578413152223,0.6025724861414268,1.0,0.0,0.1411764705882353,-0.005163182422994295,-0.008192835339256126
100,15,0.1,False,150,False,113,0.6654578413152223,0.5991418390942518,1.0,0.0,0.03529411764705882,-0.008908258090746426,-0.015201092732253875
100,15,0.1,False,150,False,114,0.6654578413152223,0.5963712350055557,0.8666666666666667,0.0,0.1411764705882353,-0.00654839506885114,-0.014371798792735868
100,15,0.1,False,150,False,115,0.6654578413152223,0.5993073385338585,0.9333333333333333,0.0,0.09411764705882353,-0.005108444587635632,-0.02164463840164756
100,15,0.1,False,150,False,116,0.6654578413152223,0.5965307482202574,1.0,0.0,0.08235294117647059,-0.008964323766387255,-0.021337031476817297
100,15,0.1,False,150,False,117,0.6654578413152223,0.5952546895897693,1.0,0.0,0.08235294117647059,-0.008074284946633573,-0.01623347546638297
100,15,0.1,False,150,False,118,0.6654578413152223,0.5923620393219989,1.0,0.0,0.10588235294117647,-0.0076555035432114334,-0.014067014275520501
100,15,0.1,False,150,False,119,0.6654578413152223,0.5961216743124845,1.0,0.0,0.12941176470588237,-0.0055197099720929186,-0.011634703723774604
100,15,0.1,False,150,False,120,0.6654578413152223,0.5968809335600047,1.0,0.0,0.10588235294117647,-0.006622040522870768,-0.018366852597103578
100,15,0.1,False,150,False,121,0.6654578413152223,0.5965906860938341,1.0,0.0,0.058823529411764705,-0.007151480085073721,-0.0202124379995695
100,15,0.1,False,150,False,122,0.6654578413152223,0.5962490529851208,1.0,0.0,0.058823529411764705,-0.009265334184161879,-0.012885111574902353
100,15,0.1,False,150,False,123,0.6654578413152223,0.5994059255140091,1.0,0.0,0.12941176470588237,-0.005744237958380356,-0.010537390981390489
100,15,0.1,False,150,False,124,0.6654578413152223,0.6008964657845062,1.0,0.0,0.11764705882352941,-0.0030063917121009635,-0.011020907542911074
100,15,0.1,False,150,False,125,0.6654578413152223,0.602490134176475,1.0,0.0,0.17647058823529413,-0.004187873180902598,-0.005195157223939382
100,15,0.1,False,150,False,126,0.6654578413152223,0.5956396174947076,1.0,0.0,0.10588235294117647,-0.009159842641233212,-0.015010557061313034
100,15,0.1,False,150,False,127,0.6654578413152223,0.596037110164084,1.0,0.0,0.10588235294117647,-0.007360792123614164,-0.015573180802575325
100,15,0.1,False,150,False,128,0.6654578413152223,0.597718053647986,0.9333333333333333,0.0,0.10588235294117647,-0.00860556653686055,-0.009725259380191874
100,15,0.1,False,150,False,129,0.6654578413152223,0.597422551245578,1.0,0.0,0.10588235294117647,-0.006363175213349811,-0.024804768684719387
100,15,0.1,False,150,False,130,0.6654578413152223,0.5923526731382593,0.9333333333333333,0.0,0.09411764705882353,-0.013372211001938647,-0.02189413914749136
100,15,0.1,False,150,False,131,0.6654578413152223,0.5909216173308188,1.0,0.0,0.10588235294117647,-0.006914008598869486,-0.0037422687407025756
100,15,0.1,False,150,False,132,0.6654578413152223,0.592672743972384,1.0,0.0,0.08235294117647059,-0.0057383434786385905,-0.00856477041686935
100,15,0.1,False,150,False,133,0.6654578413152223,0.594066768311391,1.0,0.0,0.12941176470588237,-0.00758380309039685,-0.02103755610866353
100,15,0.1,False,150,False,134,0.6654578413152223,0.5924785292953509,1.0,0.0,0.12941176470588237,-0.008326960869956518,-0.015530532507325367
100,15,0.1,False,150,False,135,0.6654578413152223,0.5974708159843912,1.0,0.0,0.12941176470588237,-0.007175745301677718,-0.008058769928920692
100,15,0.1,False,150,False,136,0.6654578413152223,0.5991051867799483,1.0,0.0,0.07058823529411765,-0.008068807962701378,-0.01668876234884623
100,15,0.1,False,150,False,137,0.6654578413152223,0.5968626278013051,1.0,0.0,0.09411764705882353,-0.005222533328064554,-0.014145374675666138
100,15,0.1,False,150,False,138,0.6654578413152223,0.5930090506843528,1.0,0.0,0.10588235294117647,-0.009311392270236989,-0.015484016184922567
100,15,0.1,False,150,False,139,0.6654578413152223,0.592820597548036,1.0,0.0,0.09411764705882353,-0.0061886341651732546,-0.0026406987983385337
100,15,0.1,False,150,False,140,0.6654578413152223,0.5968878378183027,1.0,0.0,0.15294117647058825,-0.004155704446999165,-0.019314804898596175
100,15,0.1,False,150,False,141,0.6654578413152223,0.5983159316754236,1.0,0.0,0.09411764705882353,-0.007597815438907864,0.00010063671461760635
100,15,0.1,False,150,False,142,0.6654578413152223,0.5989622717132569,1.0,0.0,0.10588235294117647,-0.008301094353162567,-0.012897459441830425
100,15,0.1,False,150,False,143,0.6654578413152223,0.5995252490113472,0.9333333333333333,0.0,0.08235294117647059,-0.0062555255520068825,-0.01632651607272128
100,15,0.1,False,150,False,144,0.6654578413152223,0.6010157849977462,1.0,0.0,0.1411764705882353,-0.0028436417136220257,-0.012463123865962378
100,15,0.1,False,150,False,145,0.6654578413152223,0.6033019005470227,1.0,0.0,0.10588235294117647,-0.006803917664207165,-0.02914277324302872
100,15,0.1,False,150,False,146,0.6654578413152223,0.6069664386351625,0.9333333333333333,0.0,0.11764705882352941,-0.0056366486855629755,-0.025784348631749315
100,15,0.1,False,150,False,147,0.6654578413152223,0.6070733700122287,1.0,0.0,0.11764705882352941,-0.007792136123062262,-0.011967986047543486
100,15,0.1,False,150,False,148,0.6654578413152223,0.6037521429758761,1.0,0.0,0.12941176470588237,-0.004118881465857904,-0.02209319527100266
100,15,0.1,False,150,False,149,0.6654578413152223,0.5980968987341869,1.0,0.0,0.08235294117647059,-0.007353312259974577,-0.02108006804399708
100,15,0.1,False,150,False,150,0.6654578413152223,0.5990186601313522,0.9333333333333333,0.0,0.09411764705882353,-0.00819346206794261,-0.017770849206681223
