timestamp,pattern_name,mutation_type,avg_gain_total,count_total,avg_gain_early,count_early,avg_gain_mid,count_mid,avg_gain_late,count_late
20250804_143237,rand_0A36YXPNV0_specification,inversion,-0.04478305359847865,31,-0.04168180184473722,19,-0.04969336887523593,12,0,0
20250804_143237,rand_0A36YXPNV0_specification,insertion,-0.034598580465401464,37,-0.041307503002782645,21,-0.02579311963508866,16,0,0
20250804_143237,rand_0A36YXPNV0_specification,split,-0.05373082439112568,54,-0.045693308998687086,32,-0.06542175587103637,22,0,0
20250804_143237,rand_0A36YXPNV0_specification,design_params,-0.05359592311316166,53,-0.057737878841412515,34,-0.04618400233629171,19,0,0
20250804_143237,rand_0A36YXPNV0_specification,scramble,-0.037043747571826394,26,-0.03597783342661631,16,-0.03874921020416252,10,0,0
20250804_143237,rand_0A36YXPNV0_specification,swap,-0.0317350421063899,24,-0.027721341610189968,13,-0.03647850632917164,11,0,0
20250804_143237,rand_0A36YXPNV0_specification,rotate,-0.051065337749102165,25,-0.04818254205467342,15,-0.05538953129074529,10,0,0
20250804_150555,rand_0A36YXPNV0_specification,swap,-0.04794418040387666,21,-0.025794442247177068,13,-0.08393750490851348,8,0,0
20250804_150555,rand_0A36YXPNV0_specification,rotate,-0.05450290981146228,33,-0.035538574539555536,19,-0.08024022196619285,14,0,0
20250804_150555,rand_0A36YXPNV0_specification,insertion,-0.03703059179229811,30,-0.03720633154038134,15,-0.03685485204421489,15,0,0
20250804_150555,rand_0A36YXPNV0_specification,inversion,-0.03827212248490387,28,-0.030747638679248228,16,-0.048304767559111395,12,0,0
20250804_150555,rand_0A36YXPNV0_specification,design_params,-0.048618415292035935,72,-0.040394243395103606,42,-0.060132255947741194,30,0,0
20250804_150555,rand_0A36YXPNV0_specification,split,-0.055105125311726774,69,-0.04613920657105416,36,-0.0648861275742787,33,0,0
20250804_150555,rand_0A36YXPNV0_specification,scramble,-0.048577718213716835,22,-0.03225251852166492,9,-0.05987977953898353,13,0,0
20250804_161007,rand_00YONAPXZE_specification,split,-0.04284053349317016,47,-0.036976503785784695,26,-0.048948791977715754,14,-0.05240469829436783,7
20250804_161007,rand_00YONAPXZE_specification,scramble,-0.016834360947712197,27,-0.0024526496497063338,14,-0.0302933446239681,10,-0.03908573475088654,3
20250804_161007,rand_00YONAPXZE_specification,rotate,-0.3410390369961547,25,-0.48380102735240715,10,-0.2871245626662755,9,-0.18397409789721905,6
20250804_161007,rand_00YONAPXZE_specification,design_params,-0.03710894995792098,80,-0.03160079518021108,44,-0.04275775936294243,29,-0.04832942673986583,7
20250804_161007,rand_00YONAPXZE_specification,swap,-0.027543139041969342,38,-0.01801926337036062,18,-0.03794685583274441,14,-0.031839426878320344,6
20250804_161007,rand_00YONAPXZE_specification,insertion,-0.017751688174394507,33,-0.010192715053560675,12,-0.016773805526469253,15,-0.03531434103587531,6
20250804_161007,rand_00YONAPXZE_specification,inversion,-0.03275868331007222,39,-0.029754145745388413,13,-0.031336991484341964,21,-0.046541586646317204,5
20250804_165437,rand_023FMIGQK0_specification,design_params,-0.03202340756615911,123,-0.019072917170807932,38,-0.03557446730392041,39,-0.039710957680303756,46
20250804_165437,rand_023FMIGQK0_specification,rotate,-0.0587756583478984,42,-0.03244996729888619,13,-0.07165751201977466,14,-0.0695681938299578,15
20250804_165437,rand_023FMIGQK0_specification,split,-0.04874078323797455,49,-0.03625854781718821,21,-0.0525084173875863,15,-0.06455712412969279,13
20250804_165437,rand_023FMIGQK0_specification,scramble,-0.04917305605362726,46,-0.02744811718513524,20,-0.06089693088171926,11,-0.06954213300434914,15
20250804_165437,rand_023FMIGQK0_specification,insertion,-0.04918994107894772,49,-0.03546889228782005,11,-0.04676974981363149,15,-0.05733056741295413,23
20250804_165437,rand_023FMIGQK0_specification,inversion,-0.04571548117075161,45,-0.03795088486851206,15,-0.05499113613055059,9,-0.04728634068958028,21
20250804_165437,rand_023FMIGQK0_specification,swap,-0.05302445776360461,40,-0.04190238445011013,12,-0.04874925603427914,10,-0.06281428537778173,18
20250804_180455,rand_033UAN6C0K_specification,insertion,-0.0383382918849033,33,-0.045509652217033354,14,-0.04301046460702421,12,-0.015986132268435944,7
20250804_180455,rand_033UAN6C0K_specification,inversion,-0.05387417507642705,41,-0.061793047695021294,17,-0.041820573296620235,15,-0.05900564087431592,9
20250804_180455,rand_033UAN6C0K_specification,design_params,0.0,75,0.0,33,0.0,30,0.0,12
20250804_180455,rand_033UAN6C0K_specification,swap,-0.05290105521906456,35,-0.047715586936518506,17,-0.06849066251805486,11,-0.04099638100683456,7
20250804_180455,rand_033UAN6C0K_specification,rotate,-0.067403128261791,31,-0.07029441246799945,13,-0.06657117865955033,14,-0.06091827819945583,4
20250804_180455,rand_033UAN6C0K_specification,scramble,-0.04232551038497941,43,-0.03485573484728056,20,-0.04655193447969783,22,-0.09873969105515157,1
20250805_135759,rand_00YONAPXZE,design_params,-0.018962754334160233,81,-0.01489227620782813,38,-0.02451800672734142,32,-0.01686367180859859,11
20250805_135759,rand_00YONAPXZE,insertion,-0.01546798876102618,40,-0.011327380209445258,21,-0.020998914940772374,15,-0.016465210482777798,4
20250805_135759,rand_00YONAPXZE,swap,-0.023196625253218077,40,-0.017038013575558484,21,-0.028306374452898613,14,-0.03475549654028285,5
20250805_135759,rand_00YONAPXZE,split,-0.03170347170180426,67,-0.02323693891873507,25,-0.03457792376661365,29,-0.041573026293900944,13
20250805_135759,rand_00YONAPXZE,scramble,-0.018015166523213225,37,-0.011502211874467667,20,-0.026458521468473058,13,-0.023139036194846557,4
20250805_135759,rand_00YONAPXZE,rotate,-0.33979791581746444,30,-0.24371612180502694,10,-0.39026102256951134,11,-0.38487833424544887,9
20250805_135759,rand_00YONAPXZE,inversion,-0.02497643083655406,30,-0.01594369156328545,15,-0.041923455846929,11,-0.012244884332780287,4
20250805_140622,rand_023FMIGQK0,scramble,-0.04060226147131711,28,-0.02875030710615866,15,-0.04901002444721796,9,-0.06612962364488437,4
20250805_140622,rand_023FMIGQK0,inversion,-0.04104886409474815,40,-0.03905130064900599,17,-0.04472928739639694,17,-0.036280761169679356,6
20250805_140622,rand_023FMIGQK0,rotate,-0.05570084788052114,38,-0.05126538321797486,21,-0.06929381644504862,14,-0.023315247217216895,3
20250805_140622,rand_023FMIGQK0,design_params,-0.03978453192499148,89,-0.026242275940240947,34,-0.042923751586318164,39,-0.06090997796810261,16
20250805_140622,rand_023FMIGQK0,split,-0.049321641872079214,76,-0.037440018982764035,36,-0.059246915906613844,31,-0.06266107842149843,9
20250805_140622,rand_023FMIGQK0,swap,-0.033208609845965784,28,-0.02579956014552212,16,-0.046669012048055986,8,-0.03592400424356004,4
20250805_140622,rand_023FMIGQK0,insertion,-0.035002190902080864,26,-0.012650226954658995,11,-0.04750826787964889,7,-0.054793323974413916,8
20250805_141034,rand_033UAN6C0K,split,-0.04699868380196146,69,-0.044793951781116476,44,-0.05087901215864862,25,0,0
20250805_141034,rand_033UAN6C0K,design_params,-0.07058875272820385,54,-0.06715934053907976,31,-0.075211003939632,23,0,0
20250805_141034,rand_033UAN6C0K,swap,-0.035180799856972964,27,-0.034693634211514786,19,-0.03633781826493612,8,0,0
20250805_141034,rand_033UAN6C0K,insertion,-0.026819494734680444,28,-0.019532328768288247,16,-0.03653571602320337,12,0,0
20250805_141034,rand_033UAN6C0K,inversion,-0.05257733902664317,29,-0.0390056580426159,16,-0.06928094639159979,13,0,0
20250805_141034,rand_033UAN6C0K,rotate,-0.05746359165957197,18,-0.05983675610077766,11,-0.05373433325196302,7,0,0
20250805_141034,rand_033UAN6C0K,scramble,-0.04137263073885108,24,-0.025254997791646427,12,-0.057490263686055726,12,0,0
20250805_144647,rand_03EQU44RFB,design_params,-0.026641653074429533,149,-0.028779079276593764,45,-0.03685343787039175,39,-0.01903482559535389,65
20250805_144647,rand_03EQU44RFB,scramble,-0.026058042336158542,46,-0.029052785311877723,13,-0.03320142791292566,11,-0.020716728698486373,22
20250805_144647,rand_03EQU44RFB,rotate,-0.38116850897374815,47,-0.25585596186474097,17,-0.6524797684841599,10,-0.3520285442611987,20
20250805_144647,rand_03EQU44RFB,insertion,-0.019843784343348898,49,-0.017533165984327897,18,-0.02719714562033837,11,-0.017878992164123586,20
20250805_144647,rand_03EQU44RFB,split,-0.03575425238162309,98,-0.037739577842753495,30,-0.044907054959777135,23,-0.02975260297870186,45
20250805_144647,rand_03EQU44RFB,inversion,-0.023391545173015612,57,-0.013409995634843411,15,-0.039003074543380235,18,-0.017921366606599775,24
20250805_144647,rand_03EQU44RFB,swap,-0.024073906445446686,36,-0.021197163932603492,10,-0.031811920789427295,12,-0.019496138802637016,14
20250805_145753,rand_04ANOD2PBA,swap,-0.02414806871836169,40,-0.009338762579383162,14,-0.015005882124092719,9,-0.04118394902978052,17
20250805_145753,rand_04ANOD2PBA,design_params,-0.020521487152977243,111,-0.012551105258535656,37,-0.030055380634754037,28,-0.021129206992207442,46
20250805_145753,rand_04ANOD2PBA,scramble,-0.014349177239336767,43,-0.008249094756020231,16,-0.010620161311300216,14,-0.025872834372073404,13
20250805_145753,rand_04ANOD2PBA,inversion,-0.012041078916591829,33,-1.84983385383035e-06,13,-0.020643536316332523,12,-0.018701140076430034,8
20250805_145753,rand_04ANOD2PBA,split,-0.0393484342632494,114,-0.019751526703016307,37,-0.04945071205439857,33,-0.048250943640992625,44
20250805_145753,rand_04ANOD2PBA,insertion,-0.01738787208410177,66,-0.013688863537373017,19,-0.02227447328477754,19,-0.01658200564035201,28
20250805_145753,rand_04ANOD2PBA,rotate,-0.26953366130917256,32,-0.020693118882431576,7,-0.21930232112055192,9,-0.4066565274769709,16
20250805_150559,rand_04EGGDPALT,split,-0.04491491165595093,65,-0.04676800156328533,37,-0.04246618570697331,28,0,0
20250805_150559,rand_04EGGDPALT,scramble,-0.021826351586798923,34,-0.022263534671526683,18,-0.02133452061648019,16,0,0
20250805_150559,rand_04EGGDPALT,swap,-0.026880298012147804,24,-0.023679372473649374,18,-0.03648307462764309,6,0,0
20250805_150559,rand_04EGGDPALT,inversion,-0.030503539253434585,23,-0.033682914997965434,15,-0.024542209732439244,8,0,0
20250805_150559,rand_04EGGDPALT,rotate,-0.03985234215975679,21,-0.035582962847782375,12,-0.04554484790905601,9,0,0
20250805_150559,rand_04EGGDPALT,design_params,-0.0207172499316712,62,-0.0214882295946807,40,-0.019315468726199367,22,0,0
20250805_150559,rand_04EGGDPALT,insertion,-0.02769817234757835,21,-0.03309752824565394,10,-0.022789666985691456,11,0,0
20250805_151406,rand_04IMMO8WDD,design_params,-0.14482426103488097,125,-0.1080171169115571,38,-0.15154985002784493,36,-0.16750171736703004,51
20250805_151406,rand_04IMMO8WDD,swap,-0.07837251320317,48,-0.032601439643286295,11,-0.09117445613622326,18,-0.09274339932757851,19
20250805_151406,rand_04IMMO8WDD,split,-0.07251463367018492,136,-0.05292702522914497,45,-0.06964510286720745,27,-0.08749775416279724,64
20250805_151406,rand_04IMMO8WDD,insertion,-0.0634725113831877,35,-0.06258836234007283,11,-0.04118719153409916,9,-0.07749207925759173,15
20250805_151406,rand_04IMMO8WDD,inversion,-0.08597093512710775,43,-0.06367758865282942,17,-0.06683505112275474,7,-0.11296767607938159,19
20250805_151406,rand_04IMMO8WDD,rotate,-0.07700813192081854,66,-0.050605218505503625,21,-0.08092299089592875,13,-0.09274463239098046,32
20250805_151406,rand_04IMMO8WDD,scramble,-0.07118285639855221,47,-0.04064665688935747,7,-0.07443232090570598,15,-0.07778331355683445,25
20250805_163335,rand_00YONAPXZE,inversion,-0.022148898776842625,36,-0.01565705961383076,15,-0.025831989126959092,15,-0.02917077080908111,6
20250805_163335,rand_00YONAPXZE,insertion,-0.027938349863232997,31,-0.02097794040705044,15,-0.041989724656545505,8,-0.026937742800262787,8
20250805_163335,rand_00YONAPXZE,scramble,-0.028010569413663578,27,-0.02406044041548046,12,-0.03180243295987991,10,-0.02990715191687039,5
20250805_163335,rand_00YONAPXZE,swap,-0.0180592916123555,29,-0.014937380578422744,11,-0.0205001160695944,12,-0.018901146260087764,6
20250805_163335,rand_00YONAPXZE,split,-0.030776108181868888,80,-0.03288085330858967,39,-0.02893760626537299,30,-0.02832792614121131,11
20250805_163335,rand_00YONAPXZE,design_params,-0.028417324891057617,90,-0.02845568185619552,42,-0.030945648334848388,36,-0.020698105181702658,12
20250805_163335,rand_00YONAPXZE,rotate,-0.34929037411742464,32,-0.3654618397173688,16,-0.3200462965812392,14,-0.42462719207116856,2
20250805_164629,rand_023FMIGQK0,inversion,-0.04580880095159874,46,-0.028669682430095333,15,-0.03722122891993074,15,-0.06992757334519692,16
20250805_164629,rand_023FMIGQK0,scramble,-0.04955764940298261,42,-0.03763596192343057,6,-0.04441914570084492,13,-0.055572026490160964,23
20250805_164629,rand_023FMIGQK0,split,-0.060940427852689695,143,-0.03873144151661318,41,-0.06576499661384941,37,-0.07220288009293939,65
20250805_164629,rand_023FMIGQK0,design_params,-0.04827501148632922,120,-0.03217744970455033,40,-0.043999021369379374,21,-0.06071057527831402,59
20250805_164629,rand_023FMIGQK0,insertion,-0.04149240568844925,45,-0.015484499458075935,14,-0.04104620180985677,11,-0.05994335218293645,20
20250805_164629,rand_023FMIGQK0,swap,-0.04476040664382407,53,-0.02884832743988546,18,-0.055528192646577504,15,-0.05100543842530374,20
20250805_164629,rand_023FMIGQK0,rotate,-0.06490990591483847,51,-0.04261874134342333,16,-0.08023244373899055,13,-0.07206743507068687,22
20250805_165209,rand_033UAN6C0K,inversion,-0.03690491510744836,32,-0.02998665381390667,15,-0.046798995692650246,12,-0.03391390558358891,5
20250805_165209,rand_033UAN6C0K,insertion,-0.05366520239361007,28,-0.05087159633671362,14,-0.0701797529771794,7,-0.04273786392383361,7
20250805_165209,rand_033UAN6C0K,split,-0.04991613247281572,84,-0.039947155583968254,36,-0.0561895556120048,35,-0.060632544636422744,13
20250805_165209,rand_033UAN6C0K,design_params,-0.05354410747117274,91,-0.059404992521828556,41,-0.046264464628516744,40,-0.0586330501341078,10
20250805_165209,rand_033UAN6C0K,swap,-0.06001502685327161,34,-0.05695434759179046,18,-0.05998246850465413,9,-0.06792720568815992,7
20250805_165209,rand_033UAN6C0K,rotate,-0.046665227124819894,20,-0.045085426210570545,10,-0.0545210130643117,8,-0.023141087938099436,2
20250805_165209,rand_033UAN6C0K,scramble,-0.04585576436912589,36,-0.04339699650165032,16,-0.047560034549759364,14,-0.048435848260916035,6
20250805_171007,rand_03EQU44RFB,insertion,-0.01939318273307649,32,-0.013250955359510047,20,-0.029630228355687228,12,0,0
20250805_171007,rand_03EQU44RFB,swap,-0.022231684890504946,28,-0.017085923034483065,15,-0.02816910241668404,13,0,0
20250805_171007,rand_03EQU44RFB,design_params,-0.01888866789561758,56,-0.010637230139407476,32,-0.02989058490389772,24,0,0
20250805_171007,rand_03EQU44RFB,rotate,-0.2793967486694546,18,-0.3153535238325075,13,-0.18590913324551678,5,0,0
20250805_171007,rand_03EQU44RFB,scramble,-0.02113846815374225,27,-0.01602310431190339,18,-0.03136919583741996,9,0,0
20250805_171007,rand_03EQU44RFB,inversion,-0.019323560744069355,23,-0.01490798024826101,14,-0.02619224151532678,9,0,0
20250805_171007,rand_03EQU44RFB,split,-0.029642932962195563,57,-0.022730561606713006,31,-0.037884606501424764,26,0,0
20250805_171621,rand_04ANOD2PBA,scramble,-0.015328558526589594,28,-0.010545811954800774,12,-0.01891561845543121,16,0,0
20250805_171621,rand_04ANOD2PBA,inversion,-0.02274914049369502,25,-0.02320678600214121,17,-0.02177664378824687,8,0,0
20250805_171621,rand_04ANOD2PBA,insertion,-0.021986297041770415,18,-0.025953303909521375,12,-0.01405228330626849,6,0,0
20250805_171621,rand_04ANOD2PBA,split,-0.031067043589369566,44,-0.0264654565460825,28,-0.039119820915121936,16,0,0
20250805_171621,rand_04ANOD2PBA,design_params,-0.025897395611713468,74,-0.019705046009541243,42,-0.03402485446456452,32,0,0
20250805_171621,rand_04ANOD2PBA,swap,-0.020628292523302467,30,-0.021397677465606786,23,-0.018100313427159707,7,0,0
20250805_171621,rand_04ANOD2PBA,rotate,-0.367203228496697,27,-0.40734378236061547,13,-0.32992985705162986,14,0,0
20250805_172840,rand_04EGGDPALT,split,-0.03715629165324501,99,-0.04197808061426096,42,-0.03353336771859505,24,-0.03365432310987922,33
20250805_172840,rand_04EGGDPALT,design_params,-0.023922500936140054,97,-0.019181869652283395,41,-0.021184478263879054,26,-0.03277431667337035,30
20250805_172840,rand_04EGGDPALT,inversion,-0.022385538297242165,46,-0.007581112696888726,15,-0.024212755084065188,17,-0.036028659627907175,14
20250805_172840,rand_04EGGDPALT,scramble,-0.014011441224496974,34,-0.017616763141059002,13,-0.010764907593813537,15,-0.014316244481987836,6
20250805_172840,rand_04EGGDPALT,swap,-0.022837167449148498,44,-0.01578151587609126,15,-0.019655473858771148,15,-0.03380575155282841,14
20250805_172840,rand_04EGGDPALT,rotate,-0.02757099667184734,37,-0.023161422733910718,13,-0.026408599909152862,13,-0.034156052954411376,11
20250805_172840,rand_04EGGDPALT,insertion,-0.01691179145769873,43,-0.014631599769768537,11,-0.017496019080297083,15,-0.01787171464759619,17
20250805_173657,rand_04IMMO8WDD,insertion,-0.06643008334292749,42,-0.00927454121828796,12,-0.07564128986951071,12,-0.09839297374163168,18
20250805_173657,rand_04IMMO8WDD,design_params,-0.1588971899602535,135,-0.09775535586927925,45,-0.15121164610577736,29,-0.20765560481064121,61
20250805_173657,rand_04IMMO8WDD,split,-0.09542784625564456,116,-0.04568516656143278,35,-0.08668630507039787,26,-0.13121464371225952,55
20250805_173657,rand_04IMMO8WDD,swap,-0.06931805955079148,48,-0.01293863414123616,10,-0.08798599534651103,19,-0.08032350554957474,19
20250805_173657,rand_04IMMO8WDD,inversion,-0.10147197385287154,51,-0.025966013651386288,9,-0.09470019425688506,14,-0.1291276365727708,28
20250805_173657,rand_04IMMO8WDD,rotate,-0.1010506150644176,55,-0.024930388616028056,18,-0.10060453371981805,9,-0.15012842964200354,28
20250805_173657,rand_04IMMO8WDD,scramble,-0.07469003607581963,53,-0.04713359042578357,21,-0.077267566425323,16,-0.10828034064198862,16
20250805_180155,rand_05AG183QLC,rotate,-0.04773582612629471,24,-0.04850629151283567,17,-0.045864695901838094,7,0,0
20250805_180155,rand_05AG183QLC,design_params,-0.03729063113917564,63,-0.040701886333294045,40,-0.031358013410274076,23,0,0
20250805_180155,rand_05AG183QLC,scramble,-0.04349364798508363,35,-0.03880686443353368,21,-0.05052382331240856,14,0,0
20250805_180155,rand_05AG183QLC,split,-0.040866756795066426,52,-0.04241063972419385,32,-0.03839654410846255,20,0,0
20250805_180155,rand_05AG183QLC,inversion,-0.045664745137119454,27,-0.05564063739615687,15,-0.03319487981332268,12,0,0
20250805_180155,rand_05AG183QLC,insertion,-0.03778903586992426,26,-0.03678694843177461,11,-0.038523899991234005,15,0,0
20250805_180155,rand_05AG183QLC,swap,-0.044880635450945575,23,-0.04081180979828884,14,-0.051209919799522705,9,0,0
20250805_182216,rand_05H6WP8PJX,rotate,-0.037353473628983176,27,-0.0373301280095049,17,-0.028421178608556863,9,-0.11814100434395092,1
20250805_182216,rand_05H6WP8PJX,scramble,-0.04699126742294263,31,-0.03791465098563102,18,-0.061201619642922984,11,-0.05052387814885523,2
20250805_182216,rand_05H6WP8PJX,split,-0.07485418396964466,62,-0.06015026455599601,22,-0.08747589033989867,32,-0.06480313687616257,8
20250805_182216,rand_05H6WP8PJX,inversion,-0.07271997902627038,31,-0.07354351546300747,19,-0.06697233894681537,10,-0.09363458327454321,2
20250805_182216,rand_05H6WP8PJX,design_params,-0.06755462878168825,95,-0.0602419220453609,50,-0.06600261429366304,36,-0.11438883526894121,9
20250805_182216,rand_05H6WP8PJX,swap,-0.05040871849030858,26,-0.027953252990587697,11,-0.060913080635973026,14,-0.15035776894793595,1
20250805_182216,rand_05H6WP8PJX,insertion,-0.05919582699515578,28,-0.04489402974968572,13,-0.060569963030560094,13,-0.14322562486058305,2
20250805_184601,rand_05PQL1BU0S,design_params,-0.046667091151694796,72,-0.0410622523941334,37,-0.052540176030722585,32,-0.053147197118655676,3
20250805_184601,rand_05PQL1BU0S,swap,-0.04911420062528488,29,-0.033234899946925425,17,-0.06346789049189894,6,-0.07975186268068929,6
20250805_184601,rand_05PQL1BU0S,split,-0.04991009188551919,73,-0.04949488382252953,30,-0.047978090149313854,37,-0.06390014290706707,6
20250805_184601,rand_05PQL1BU0S,rotate,-0.06303961610203739,24,-0.05838110174524676,14,-0.0718184191551635,8,-0.060534004387067186,2
20250805_184601,rand_05PQL1BU0S,scramble,-0.034773639139504174,26,-0.028505669650057686,16,-0.0540449854820389,6,-0.030938497583488045,4
20250805_184601,rand_05PQL1BU0S,inversion,-0.0373247766457212,35,-0.03246918040780239,16,-0.039182954977587746,16,-0.053311005477999905,3
20250805_184601,rand_05PQL1BU0S,insertion,-0.03747328773460464,41,-0.04426477219298697,20,-0.03255546766295257,20,3.3306690738754696e-16,1
20250805_185004,rand_05V1M7JE75,insertion,-0.03717641902639387,35,-0.0465236921444777,19,-0.022718713821164332,8,-0.0294343505761743,8
20250805_185004,rand_05V1M7JE75,design_params,-0.06952752255885966,86,-0.07131454558743647,38,-0.06319581404866488,35,-0.08135082431046724,13
20250805_185004,rand_05V1M7JE75,scramble,-0.040268641502574455,35,-0.032287248913878866,16,-0.03880452112705764,11,-0.058244592196301265,8
20250805_185004,rand_05V1M7JE75,inversion,-0.058556707344389516,34,-0.04059260723705343,11,-0.07060808287168688,17,-0.05734532688049646,6
20250805_185004,rand_05V1M7JE75,rotate,-0.0540437645095002,36,-0.04079815493987136,16,-0.0641930118910461,14,-0.06568381280490333,6
20250805_185004,rand_05V1M7JE75,swap,-0.04336646101717726,34,-0.035490997582330354,15,-0.047362614113492324,8,-0.05119943617646665,11
20250805_185004,rand_05V1M7JE75,split,-0.05683404311446985,90,-0.04818367761144533,35,-0.06748444681378003,32,-0.05517968982003212,23
20250805_203657,rand_072Z1RD0W5,inversion,-0.03440049657481117,28,-0.025618784788643007,12,-0.043719232442066436,15,0.0,1
20250805_203657,rand_072Z1RD0W5,split,-0.03195586362176311,66,-0.022944000857122285,35,-0.038780107386606026,25,-0.05609071406198903,6
20250805_203657,rand_072Z1RD0W5,insertion,-0.03297874471412233,31,-0.021309297189895073,14,-0.05069785591528423,12,-0.023127330899170073,5
20250805_203657,rand_072Z1RD0W5,swap,-0.03299886795650944,35,-0.01830327306665168,15,-0.03759240604512123,14,-0.05901959964105966,6
20250805_203657,rand_072Z1RD0W5,rotate,-0.045116998491121656,34,-0.03846206217678637,14,-0.04577022652570692,18,-0.08582250038020123,2
20250805_203657,rand_072Z1RD0W5,design_params,-0.045004183604184095,73,-0.034918447099517885,39,-0.05603093400090968,31,-0.062175670732013834,3
20250805_203657,rand_072Z1RD0W5,scramble,-0.03537751158594441,33,-0.032151718739621804,21,-0.04268964935460105,10,-0.03268764762904858,2
20250805_205755,rand_0734NLMRN9,design_params,-0.05705948506435331,101,-0.05362118608259323,40,-0.08867522952452711,29,-0.03270559037452091,32
20250805_205755,rand_0734NLMRN9,swap,-0.05055438847694364,46,-0.04740229340284578,10,-0.041868252467089875,20,-0.06338211791057202,16
20250805_205755,rand_0734NLMRN9,inversion,-0.055148000489600814,38,-0.047449397527875546,12,-0.04536271561673113,11,-0.0684827584324188,15
20250805_205755,rand_0734NLMRN9,split,-0.07775671792297924,106,-0.07562409008965042,39,-0.08541708460896912,39,-0.07005736737820127,28
20250805_205755,rand_0734NLMRN9,scramble,-0.0378166998914582,28,-0.036656952260613565,19,-0.07151438083308748,5,-0.0012033999609336599,4
20250805_205755,rand_0734NLMRN9,insertion,-0.05628053896478069,42,-0.06865086136850215,16,-0.035808534926736586,9,-0.05547600236965441,17
20250805_205755,rand_0734NLMRN9,rotate,-0.07517294402096382,38,-0.04272325832831787,14,-0.0756757920809792,12,-0.11252806260236874,12
20250805_212656,rand_07EKIQJMNA,design_params,-0.0336627389899986,63,-0.037023122500924044,35,-0.029462259601341793,28,0,0
20250805_212656,rand_07EKIQJMNA,swap,-0.03581783905189076,24,-0.03351481070112187,17,-0.04141090790375807,7,0,0
20250805_212656,rand_07EKIQJMNA,split,-0.03660919566364078,73,-0.03432287271333254,45,-0.04028364326235047,28,0,0
20250805_212656,rand_07EKIQJMNA,rotate,-0.03802661862761469,25,-0.030853404687536234,17,-0.0532696982502814,8,0,0
20250805_212656,rand_07EKIQJMNA,scramble,-0.0428395188452901,24,-0.04268433534077365,16,-0.043149885854323014,8,0,0
20250805_212656,rand_07EKIQJMNA,insertion,-0.018943873461539005,23,-0.01179763500689632,13,-0.028233983452574496,10,0,0
20250805_212656,rand_07EKIQJMNA,inversion,-0.037524911516236964,18,-0.02346763529377665,7,-0.046470450930529886,11,0,0
20250805_212850,rand_07JYAR0G1P,design_params,0.0,78,0.0,47,0.0,31,0,0
20250805_212850,rand_07JYAR0G1P,swap,-0.027173989943914543,34,-0.02339626847839403,23,-0.0350728620990938,11,0,0
20250805_212850,rand_07JYAR0G1P,split,-0.052166322502879045,54,-0.044312655805340516,32,-0.0635898376992987,22,0,0
20250805_212850,rand_07JYAR0G1P,inversion,-0.04420738700790215,25,-0.04190902559415969,14,-0.047132574261756204,11,0,0
20250805_212850,rand_07JYAR0G1P,insertion,-0.0381263906507572,23,-0.017917507047740564,11,-0.056651200620189114,12,0,0
20250805_212850,rand_07JYAR0G1P,scramble,-0.01393820776177116,17,-0.010259520946519015,12,-0.022767056118376306,5,0,0
20250805_212850,rand_07JYAR0G1P,rotate,-0.05481928931222456,19,-0.04276878902650305,11,-0.07138872720509164,8,0,0
20250805_213218,rand_07LSZ9ASL3,rotate,-0.09513161027989891,26,-0.11157277777121168,16,-0.0688257422937985,10,0,0
20250805_213218,rand_07LSZ9ASL3,design_params,-0.09721806674383138,74,-0.10803931868541566,47,-0.07838107262329581,27,0,0
20250805_213218,rand_07LSZ9ASL3,inversion,-0.11461935183795467,19,-0.10395137900596728,14,-0.14448967576751937,5,0,0
20250805_213218,rand_07LSZ9ASL3,insertion,-0.06110781032359797,27,-0.053817291739720885,16,-0.07171220099105556,11,0,0
20250805_213218,rand_07LSZ9ASL3,scramble,-0.10792649409138613,22,-0.10485437836992423,11,-0.11099860981284802,11,0,0
20250805_213218,rand_07LSZ9ASL3,split,-0.11952830361858349,52,-0.10308902032608486,32,-0.14583115688658133,20,0,0
20250805_213218,rand_07LSZ9ASL3,swap,-0.12235230907582126,30,-0.08018801034450372,14,-0.1592460704657241,16,0,0
20250805_213411,rand_07SXFM3OXA,insertion,-0.05206387220288373,24,-0.03673558538739119,18,-0.09804873264936136,6,0,0
20250805_213411,rand_07SXFM3OXA,split,-0.11969234866825415,62,-0.11330323542243652,39,-0.1305260624329015,23,0,0
20250805_213411,rand_07SXFM3OXA,scramble,-0.053789142560984736,28,-0.060323440636585256,15,-0.04624956785836876,13,0,0
20250805_213411,rand_07SXFM3OXA,inversion,-0.09164358439516526,29,-0.06310238154633291,13,-0.11483331170984154,16,0,0
20250805_213411,rand_07SXFM3OXA,design_params,-0.13836294177491593,61,-0.11706990425840781,38,-0.17354274288914673,23,0,0
20250805_213411,rand_07SXFM3OXA,swap,-0.09259097579867023,26,-0.0522353845480675,13,-0.132946567049273,13,0,0
20250805_213411,rand_07SXFM3OXA,rotate,-0.05372039842292557,20,-0.05539993727407546,14,-0.04980147443690917,6,0,0
20250805_213801,rand_07XRPZ49VR,split,-0.29062308405953813,42,-0.3226478406277162,23,-0.25185627347700673,19,0,0
20250805_213801,rand_07XRPZ49VR,design_params,-0.026928678383405482,68,-0.02659872289030229,43,-0.02749620183154298,25,0,0
20250805_213801,rand_07XRPZ49VR,scramble,-0.014990788116079371,30,-0.012823696410596927,16,-0.01746746435091645,14,0,0
20250805_213801,rand_07XRPZ49VR,inversion,-0.02284961084880238,24,-0.01865723742837217,9,-0.025365034901060502,15,0,0
20250805_213801,rand_07XRPZ49VR,rotate,-0.3127691098959987,24,-0.37605272147570323,17,-0.15908033891671614,7,0,0
20250805_213801,rand_07XRPZ49VR,swap,-0.014169544865194566,20,-0.015486645171139712,15,-0.010218243947359129,5,0,0
20250805_213801,rand_07XRPZ49VR,insertion,-0.020642163390063785,25,-0.024423335064847108,15,-0.014970405877888804,10,0,0
20250805_221418,rand_080HTM498A,design_params,-0.07425392164670941,133,-0.045671630849463116,32,-0.05206685944677253,33,-0.09847166220714763,68
20250805_221418,rand_080HTM498A,inversion,-0.07910234416518928,57,-0.01779240554311558,14,-0.06197152921340168,9,-0.10888224049681045,34
20250805_221418,rand_080HTM498A,split,-0.0770199487834103,124,-0.044525880196592184,40,-0.058589516295312366,29,-0.11036986306754788,55
20250805_221418,rand_080HTM498A,rotate,-0.08314965170161764,42,-0.055788363743241844,9,-0.07487234429325829,10,-0.09745507194983398,23
20250805_221418,rand_080HTM498A,swap,-0.07303996112831079,46,-0.066322444456716,20,-0.05732495999170136,16,-0.11161899629007546,10
20250805_221418,rand_080HTM498A,insertion,-0.053238793726656825,49,-0.026687782528292285,18,-0.04358362711323243,11,-0.08244504544256831,20
20250805_221418,rand_080HTM498A,scramble,-0.0501019856980317,45,-0.04582274359569041,17,-0.0317961493811999,13,-0.07081685155527272,15
20250805_232142,rand_0883WEOFDQ,insertion,-0.03565628551048815,53,-0.030329132848048074,18,-0.053333590299245816,12,-0.030602419878263336,23
20250805_232142,rand_0883WEOFDQ,design_params,-0.04598671668566657,116,-0.03625681785902278,40,-0.05149629446097759,24,-0.050928372194479765,52
20250805_232142,rand_0883WEOFDQ,swap,-0.044915908950120806,54,-0.04224639369868789,15,-0.0480502947855757,12,-0.04500591260738134,27
20250805_232142,rand_0883WEOFDQ,inversion,-0.06249121469487258,60,-0.062265802889297325,17,-0.07690334206954981,15,-0.05490728934039473,28
20250805_232142,rand_0883WEOFDQ,scramble,-0.04588000381970299,62,-0.044624126071927415,16,-0.04870786400377034,15,-0.04515987934239327,31
20250805_232142,rand_0883WEOFDQ,split,-0.04503964749727029,112,-0.03775209536173788,36,-0.045164533460115244,35,-0.05133186379433352,41
20250805_232142,rand_0883WEOFDQ,rotate,-0.0631260252261086,42,-0.04125597916058936,8,-0.08794983530407392,11,-0.05886074077682755,23
20250805_232539,rand_08JNMI8ORP,rotate,-0.05360814309630982,24,-0.03936604733003191,15,-0.07128489461988435,8,-0.1258255674018821,1
20250805_232539,rand_08JNMI8ORP,split,-0.09217883816562718,66,-0.10553870162964175,29,-0.08814856144316388,28,-0.06166902791813273,9
20250805_232539,rand_08JNMI8ORP,design_params,-0.024538314433914982,71,-0.009112361835457673,33,-0.03365026636427795,34,-0.07435083196310255,4
20250805_232539,rand_08JNMI8ORP,scramble,-0.06107259445836558,30,-0.06190875444890059,11,-0.06751641727737571,17,-0.0017012205488368681,2
20250805_232539,rand_08JNMI8ORP,insertion,-0.07960205532547213,45,-0.06957724656175608,23,-0.09362625387162787,18,-0.07413581225913854,4
20250805_232539,rand_08JNMI8ORP,inversion,-0.08975902672872117,23,-0.09646411948930017,16,-0.08053942908674394,4,-0.06629132886160276,3
20250805_232539,rand_08JNMI8ORP,swap,-0.11472253337102994,41,-0.08747050392413197,23,-0.14987248758304134,16,-0.14692123831426573,2
20250805_232717,rand_09OHSXSIJE,swap,-0.09924289892862274,27,-0.09485611289643105,16,-0.10562367861181059,11,0,0
20250805_232717,rand_09OHSXSIJE,design_params,-0.11379298562489688,65,-0.10973574560283145,37,-0.11915433851119764,28,0,0
20250805_232717,rand_09OHSXSIJE,split,-0.14774512809266793,61,-0.14443037655190374,34,-0.15191925966251904,27,0,0
20250805_232717,rand_09OHSXSIJE,inversion,-0.10209660959073251,25,-0.09604435870238842,12,-0.10768330271843471,13,0,0
20250805_232717,rand_09OHSXSIJE,rotate,-0.08038824313845847,32,-0.08381584942979722,20,-0.07467556598622722,12,0,0
20250805_232717,rand_09OHSXSIJE,scramble,-0.058767324633461064,18,-0.05522356518220188,17,-0.11901123530486735,1,0,0
20250805_232717,rand_09OHSXSIJE,insertion,-0.047155912697870894,22,-0.06130806129949106,14,-0.022389652645035618,8,0,0
20250805_233405,rand_09RJPU2VKT,design_params,-0.016950000700275126,111,-0.02916561002307588,30,-0.017196184532619264,28,-0.00990544547405515,53
20250805_233405,rand_09RJPU2VKT,split,-0.037585431935085976,76,-0.04468201545803575,33,-0.037999505223065944,19,-0.027499821571379254,24
20250805_233405,rand_09RJPU2VKT,rotate,-0.02830747363198319,51,-0.04696606003668328,16,-0.014190742797771487,16,-0.024482753151571925,19
20250805_233405,rand_09RJPU2VKT,swap,-0.03425722145575838,39,-0.044440440000146075,14,-0.03378011361171531,12,-0.02373108564861138,13
20250805_233405,rand_09RJPU2VKT,inversion,-0.03925326612151591,37,-0.049055683206953124,14,-0.03731302056852344,15,-0.025736996633861683,8
20250805_233405,rand_09RJPU2VKT,scramble,-0.027220521407854296,54,-0.024556600661892622,13,-0.03267880795017591,16,-0.02511245680866855,25
20250805_233405,rand_09RJPU2VKT,insertion,-0.02758640858481779,47,-0.0509393828861641,14,-0.019515269240254415,11,-0.016760994610788196,22
20250805_235038,rand_09WQLJ3QED,split,-0.070350011257154,70,-0.06235262938715608,42,-0.08234608406215085,28,0,0
20250805_235038,rand_09WQLJ3QED,rotate,-0.06013416366981096,27,-0.0652540540086747,17,-0.051430350093742604,10,0,0
20250805_235038,rand_09WQLJ3QED,inversion,-0.05521302918335096,21,-0.04806274724480114,16,-0.07809393138671039,5,0,0
20250805_235038,rand_09WQLJ3QED,scramble,-0.04906005017705117,28,-0.03066720699799592,10,-0.05927829638763744,18,0,0
20250805_235038,rand_09WQLJ3QED,insertion,-0.06760382326565242,21,-0.07810045740668892,14,-0.046610554983579466,7,0,0
20250805_235038,rand_09WQLJ3QED,design_params,-0.05542550045203078,66,-0.04968026149953058,42,-0.06547966861890615,24,0,0
20250805_235038,rand_09WQLJ3QED,swap,-0.045374791754192685,17,-0.029370234313746895,9,-0.0633799188746942,8,0,0
20250806_030555,rand_0A36YXPNV0,inversion,-0.05431605388847362,58,-0.04021763057899727,18,-0.05705267862861877,10,-0.06186289962744436,30
20250806_030555,rand_0A36YXPNV0,insertion,-0.03650602660340155,49,-0.031197827321890474,22,-0.03606765176157859,10,-0.04363332852172348,17
20250806_030555,rand_0A36YXPNV0,rotate,-0.04334538822976041,52,-0.024467636868178926,18,-0.048034954383559265,9,-0.05524912539473149,25
20250806_030555,rand_0A36YXPNV0,split,-0.06135472534159021,108,-0.04821112803617568,28,-0.05156725960427915,27,-0.0732845800483639,53
20250806_030555,rand_0A36YXPNV0,design_params,-0.054125225767159044,131,-0.0353594838037107,33,-0.05038011763799082,36,-0.06628802217754375,62
20250806_030555,rand_0A36YXPNV0,swap,-0.05808580772160371,46,-0.04180117793634276,13,-0.06396003273490214,17,-0.06507570534549864,16
20250806_030555,rand_0A36YXPNV0,scramble,-0.047689374582261045,56,-0.03159778562573191,18,-0.049606945906522475,16,-0.059460622765412946,22
20250806_043220,rand_0AAY3NQH8J,split,-0.03458575012734778,123,-0.01997490618809455,37,-0.04144483660161942,32,-0.04053224010097143,54
20250806_043220,rand_0AAY3NQH8J,scramble,-0.040188035110960446,48,-0.025339132798759517,16,-0.039395740100897525,8,-0.05035140165578204,24
20250806_043220,rand_0AAY3NQH8J,rotate,-0.06260810096545931,52,-0.04106510268860999,16,-0.06981261153227546,9,-0.07297281864428315,27
20250806_043220,rand_0AAY3NQH8J,swap,-0.02936430547437415,56,-0.027141619935956443,17,-0.03572041903339253,16,-0.02658551578780054,23
20250806_043220,rand_0AAY3NQH8J,inversion,-0.041799664923903815,50,-0.024892209961030302,16,-0.04948599839550377,17,-0.05002623024089066,17
20250806_043220,rand_0AAY3NQH8J,design_params,-0.028028062693049974,110,-0.026081329887020874,30,-0.023151347046034325,27,-0.03161435149777253,53
20250806_043220,rand_0AAY3NQH8J,insertion,-0.03212192113683454,61,-0.0325241935299487,18,-0.03540341430202052,16,-0.029909150999092665,27
20250806_044049,rand_0ADI18HWRF,design_params,-0.12938198699939746,106,-0.09444041878692026,40,-0.13366656026828913,29,-0.1637984762886199,37
20250806_044049,rand_0ADI18HWRF,insertion,-0.040747545791375156,47,-0.031267598363567926,19,-0.04749647290790032,16,-0.0467588930633697,12
20250806_044049,rand_0ADI18HWRF,inversion,-0.06350885566392699,42,-0.04255554365930479,14,-0.05831280959529361,6,-0.07825988495831383,22
20250806_044049,rand_0ADI18HWRF,split,-0.07111554445049659,107,-0.04057673337113259,31,-0.06327857897438612,40,-0.10612059340896057,36
20250806_044049,rand_0ADI18HWRF,scramble,-0.06228137526982578,46,-0.01908470393273643,16,-0.08202010028891324,12,-0.08751926644562465,18
20250806_044049,rand_0ADI18HWRF,rotate,-0.08045061916430803,35,-0.034894033174984955,13,-0.0915551671469571,12,-0.12634872337124908,10
20250806_044049,rand_0ADI18HWRF,swap,-0.050752837113853276,42,-0.03174063781364528,17,-0.061351318920586526,10,-0.06523434178293351,15
20250806_053038,rand_0B1T21D8NX,design_params,-0.05735844185707337,98,-0.03182673122941656,42,-0.08149612952857677,34,-0.06879709938118568,22
20250806_053038,rand_0B1T21D8NX,insertion,-0.03686103763503713,31,-0.020702939824177154,16,-0.060369353596703285,9,-0.04468682452149786,6
20250806_053038,rand_0B1T21D8NX,inversion,-0.06764185114675139,36,-0.05057619918210383,9,-0.08313764711439849,15,-0.061071345160678164,12
20250806_053038,rand_0B1T21D8NX,split,-0.05512880140082803,88,-0.04710764330465062,33,-0.052370502247621506,28,-0.06779289745503679,27
20250806_053038,rand_0B1T21D8NX,scramble,-0.047414892522472045,41,-0.022372950075917383,17,-0.04756588320550793,13,-0.08593763276901407,11
20250806_053038,rand_0B1T21D8NX,rotate,-0.060206728772664204,41,-0.04530448851476584,20,-0.060379760360517704,11,-0.08982087454182208,10
20250806_053038,rand_0B1T21D8NX,swap,-0.05162797658633735,40,-0.04306542425895073,13,-0.04498772688066816,15,-0.06920438707309272,12
20250806_053710,rand_0BC49T2K2O,inversion,-0.10341140182606463,31,-0.09180408747545447,22,-0.13178483690533385,9,0,0
20250806_053710,rand_0BC49T2K2O,swap,-0.1055116259459563,30,-0.0830859838094311,12,-0.12046205403697309,18,0,0
20250806_053710,rand_0BC49T2K2O,split,-0.1285540413283336,59,-0.12212017392022145,35,-0.13793676463183047,24,0,0
20250806_053710,rand_0BC49T2K2O,insertion,-0.0939062956391,27,-0.08914339098659299,20,-0.10751459464626292,7,0,0
20250806_053710,rand_0BC49T2K2O,rotate,-0.10867385275245214,23,-0.07739682771964566,12,-0.1427942436973319,11,0,0
20250806_053710,rand_0BC49T2K2O,scramble,-0.0879063706166997,24,-0.0991336745831953,15,-0.06919419733920701,9,0,0
20250806_053710,rand_0BC49T2K2O,design_params,-0.13898044979225366,81,-0.11216823158068019,34,-0.1583765225410515,47,0,0
20250806_061131,rand_0BD28UCVO8,rotate,-0.037800906872425294,25,-0.035083518670279784,11,-0.03993599760268248,14,0,0
20250806_061131,rand_0BD28UCVO8,inversion,-0.03033448818903327,30,-0.026550405848429475,21,-0.03916401365044212,9,0,0
20250806_061131,rand_0BD28UCVO8,swap,-0.02480275252697607,25,-0.0258286017572905,16,-0.022979020561972638,9,0,0
20250806_061131,rand_0BD28UCVO8,insertion,-0.028728749986284028,31,-0.02099130009887784,16,-0.03698202986618396,15,0,0
20250806_061131,rand_0BD28UCVO8,design_params,-0.03100633022779713,57,-0.030623425911603712,41,-0.03198752253804276,16,0,0
20250806_061131,rand_0BD28UCVO8,scramble,-0.030053414740776226,26,-0.02578116375530337,17,-0.03812322215778051,9,0,0
20250806_061131,rand_0BD28UCVO8,split,-0.03183063740864915,56,-0.02524232664393181,28,-0.03841894817336649,28,0,0
20250806_061540,rand_0BLQXC4Z8F,design_params,-0.06230811636471427,92,-0.06522766264079731,34,-0.057120895523219715,28,-0.0638407033705484,30
20250806_061540,rand_0BLQXC4Z8F,rotate,-0.0644135981177566,34,-0.05960660440529689,13,-0.07331206825258038,12,-0.059492406633766676,9
20250806_061540,rand_0BLQXC4Z8F,split,-0.09341574342607357,107,-0.09067039011484455,44,-0.08986048543064173,32,-0.10098231766955407,31
20250806_061540,rand_0BLQXC4Z8F,scramble,-0.06114499310134045,46,-0.05570944819098234,16,-0.05359016246054206,14,-0.07319101482239714,16
20250806_061540,rand_0BLQXC4Z8F,insertion,-0.06967975934040897,38,-0.07139640264598321,13,-0.07543726965971854,11,-0.06356197530577538,14
20250806_061540,rand_0BLQXC4Z8F,inversion,-0.08426329665248519,46,-0.049771590492169296,17,-0.09886249388684441,13,-0.10904888669490391,16
20250806_061540,rand_0BLQXC4Z8F,swap,-0.08808635746547018,37,-0.06449770303864487,13,-0.07898877640727345,15,-0.1373214934012124,9
20250806_061909,rand_0BVS2KDJ6H,scramble,-0.03185739744855012,24,-0.03193537171264612,18,-0.03162347465626214,6,0,0
20250806_061909,rand_0BVS2KDJ6H,insertion,-0.045924439317753966,27,-0.024814691494634104,16,-0.07662952706047377,11,0,0
20250806_061909,rand_0BVS2KDJ6H,swap,-0.030612531736572517,31,-0.019982519556735155,15,-0.04057816815517004,16,0,0
20250806_061909,rand_0BVS2KDJ6H,design_params,-0.06103872308915147,64,-0.042000517912103096,35,-0.08401586726834778,29,0,0
20250806_061909,rand_0BVS2KDJ6H,rotate,-0.05059100978465838,27,-0.0530309490703887,19,-0.044796153981048845,8,0,0
20250806_061909,rand_0BVS2KDJ6H,split,-0.05218752805081409,58,-0.05550779866235322,35,-0.04713494233760238,23,0,0
20250806_061909,rand_0BVS2KDJ6H,inversion,-0.0395485949330137,19,-0.03566959753885759,12,-0.04619830475156704,7,0,0
20250806_062431,rand_0BYSXIM9OF,scramble,-0.06614390456419657,51,-0.05770185882158992,17,-0.057266212836653445,14,-0.07953402765469239,20
20250806_062431,rand_0BYSXIM9OF,swap,-0.09650514290549758,51,-0.10007503863586255,18,-0.06918954508844695,11,-0.10724211803463336,22
20250806_062431,rand_0BYSXIM9OF,inversion,-0.0829289089512619,36,-0.07029857395752319,12,-0.07576002477245597,6,-0.09373876034002304,18
20250806_062431,rand_0BYSXIM9OF,split,-0.08354579679293307,109,-0.07610728233080336,30,-0.06854260131838638,32,-0.09850872634717533,47
20250806_062431,rand_0BYSXIM9OF,design_params,-0.0700685246242001,144,-0.06306003546853464,44,-0.058317591037498485,34,-0.08079436196961125,66
20250806_062431,rand_0BYSXIM9OF,rotate,-0.09737458862740722,51,-0.07673367207230494,12,-0.09600398290182312,11,-0.10675914797178766,28
20250806_062431,rand_0BYSXIM9OF,insertion,-0.07512856798581667,58,-0.04681364079827955,17,-0.09447932391667456,17,-0.0814781892926311,24
20250806_064937,rand_0BYYF4ET0T,inversion,-0.04668632194169931,34,-0.01858156010838064,13,-0.06371974660264547,12,-0.06457085615300918,9
20250806_064937,rand_0BYYF4ET0T,insertion,-0.034026466628493075,43,-0.027971386028708377,19,-0.04856260164991453,16,-0.019335013010138805,8
20250806_064937,rand_0BYYF4ET0T,split,-0.04439256692044971,97,-0.03031106089259544,48,-0.0562340047568296,28,-0.060790282630848166,21
20250806_064937,rand_0BYYF4ET0T,design_params,-0.037261384458248836,101,-0.023584469740524826,38,-0.047745903297957984,35,-0.042717263025523575,28
20250806_064937,rand_0BYYF4ET0T,scramble,-0.04213867313256031,24,-0.028275690436022044,8,-0.04649204060627563,11,-0.05474203700484785,5
20250806_064937,rand_0BYYF4ET0T,rotate,-0.05636634277462962,39,-0.04897643412951951,11,-0.061552205787784656,13,-0.05729119450297597,15
20250806_064937,rand_0BYYF4ET0T,swap,-0.04474722309425997,37,-0.03933167350681082,13,-0.041106523489058,10,-0.05237644742917847,14
20250806_065613,rand_0C4I1ENEGQ,split,-0.060573008498948325,80,-0.046893554640569664,43,-0.07647075217219919,37,0,0
20250806_065613,rand_0C4I1ENEGQ,design_params,-0.05588162647817493,74,-0.05867677453211687,38,-0.052931192421236214,36,0,0
20250806_065613,rand_0C4I1ENEGQ,swap,-0.036546012451182115,27,-0.03180077726439466,16,-0.04344817272287296,11,0,0
20250806_065613,rand_0C4I1ENEGQ,inversion,-0.04252567986116383,22,-0.02991500390211243,15,-0.06954855691627397,7,0,0
20250806_065613,rand_0C4I1ENEGQ,rotate,-0.09044369782180503,25,-0.08531197208853575,11,-0.09447576804080235,14,0,0
20250806_065613,rand_0C4I1ENEGQ,scramble,-0.05795257025717865,20,-0.05056877637739258,14,-0.07518142264334617,6,0,0
20250806_065613,rand_0C4I1ENEGQ,insertion,-0.025888249284896036,27,-0.034423435557755906,13,-0.0179627191743833,14,0,0
20250806_070710,rand_0CD8GFOYI4,design_params,-0.09072319590828745,120,-0.047884163666966253,36,-0.08681433825904254,31,-0.12210771945195077,53
20250806_070710,rand_0CD8GFOYI4,split,-0.07299377296429145,127,-0.04046540777262726,37,-0.05043390205090911,32,-0.10619145195256405,58
20250806_070710,rand_0CD8GFOYI4,scramble,-0.06482769858614595,47,-0.01229696358845265,12,-0.0658092727239056,8,-0.0878838551368957,27
20250806_070710,rand_0CD8GFOYI4,insertion,-0.06357204332443323,42,-0.0466062283623806,14,-0.05871725702066497,11,-0.08068522325444422,17
20250806_070710,rand_0CD8GFOYI4,inversion,-0.06549380477307454,54,-0.02482800080628935,15,-0.060815899339860986,15,-0.09383362314807374,24
20250806_070710,rand_0CD8GFOYI4,rotate,-0.07517736570642132,52,-0.043066970633142625,17,-0.052497486523626395,11,-0.10831717350877472,24
20250806_070710,rand_0CD8GFOYI4,swap,-0.052259194156678734,58,-0.031455418432735305,19,-0.0479592864774488,17,-0.0735487473067621,22
20250806_071242,rand_0CHR1E6MTT,insertion,-0.00810862154394582,22,-0.008222297769360684,13,-0.007944422551679906,9,0,0
20250806_071242,rand_0CHR1E6MTT,design_params,-0.014274339539596287,62,-0.016609687117682004,37,-0.010818025124029424,25,0,0
20250806_071242,rand_0CHR1E6MTT,split,-0.04047997399765334,71,-0.036264574729976115,39,-0.04561749185513493,32,0,0
20250806_071242,rand_0CHR1E6MTT,swap,-0.006722255975152342,17,-0.008035691513524557,11,-0.004314290821469946,6,0,0
20250806_071242,rand_0CHR1E6MTT,scramble,-0.003413169085174356,22,-0.002964144419146627,18,-0.005433780082299139,4,0,0
20250806_071242,rand_0CHR1E6MTT,inversion,-0.003516441893404443,22,-0.003528868985276379,16,-0.003483302981745947,6,0,0
20250806_071242,rand_0CHR1E6MTT,rotate,-0.4494367271516948,34,-0.360756585723642,16,-0.5282635195321861,18,0,0
20250806_071524,rand_0CPIL3JGXE,scramble,-0.03818243616333106,36,-0.042234693605588014,22,-0.031814603039784416,14,0,0
20250806_071524,rand_0CPIL3JGXE,split,-0.1146552918611311,58,-0.10605713188009705,29,-0.1232534518421652,29,0,0
20250806_071524,rand_0CPIL3JGXE,design_params,-0.09260464742771193,63,-0.08924525745553567,38,-0.09771092018541985,25,0,0
20250806_071524,rand_0CPIL3JGXE,swap,-0.08015236482054176,27,-0.08422118992501006,16,-0.07423407375949698,11,0,0
20250806_071524,rand_0CPIL3JGXE,inversion,-0.08032704525631637,25,-0.08269653417174612,18,-0.07423407375949698,7,0,0
20250806_071524,rand_0CPIL3JGXE,insertion,-0.04301593693870978,16,-0.04907153122730568,11,-0.02969362950379879,5,0,0
20250806_071524,rand_0CPIL3JGXE,rotate,-0.04934350122010489,25,-0.04819693669331592,16,-0.05138183815661863,9,0,0
20250806_075226,rand_0CQVYOX5F6,scramble,-0.029751852435337442,24,-0.02840777377477923,11,-0.030889149763502082,13,0,0
20250806_075226,rand_0CQVYOX5F6,rotate,-0.04249786923395276,28,-0.042392580370668384,22,-0.04288392839932873,6,0,0
20250806_075226,rand_0CQVYOX5F6,split,-0.0412724442755804,73,-0.04474791671268747,44,-0.03599931368134899,29,0,0
20250806_075226,rand_0CQVYOX5F6,inversion,-0.046660178192866233,15,-0.04013075634507726,13,-0.08910142020349454,2,0,0
20250806_075226,rand_0CQVYOX5F6,swap,-0.05094813768048468,26,-0.05070044789234261,19,-0.05162043853401315,7,0,0
20250806_075226,rand_0CQVYOX5F6,design_params,-0.03995451571675154,64,-0.045752559151728746,30,-0.034838595038830474,34,0,0
20250806_075226,rand_0CQVYOX5F6,insertion,-0.037670694330885164,20,-0.037638888113480234,11,-0.0377095685966023,9,0,0
20250806_080426,rand_0DI5LMM8WZ,design_params,-0.018022203734930527,68,-0.01770757831688742,30,-0.013180742327316797,31,-0.04081135604597604,7
20250806_080426,rand_0DI5LMM8WZ,swap,-0.07437591814103899,31,-0.07045450805204898,14,-0.07589866497669948,14,-0.08556967998991016,3
20250806_080426,rand_0DI5LMM8WZ,split,-0.07206454529742384,81,-0.07145658026001186,47,-0.07211949845106085,30,-0.07879598583473701,4
20250806_080426,rand_0DI5LMM8WZ,scramble,-0.07422981266094017,32,-0.07455321304530646,19,-0.07693944985293653,11,-0.05625450445348057,2
20250806_080426,rand_0DI5LMM8WZ,rotate,-0.05678773867450712,35,-0.032326264478070826,12,-0.0701999854820438,19,-0.06646398892801675,4
20250806_080426,rand_0DI5LMM8WZ,insertion,-0.055051120433073066,35,-0.0465562775333595,19,-0.06845135631577828,11,-0.05785100451003307,5
20250806_080426,rand_0DI5LMM8WZ,inversion,-0.0841609077571756,18,-0.08866422844616927,9,-0.0796575870681819,9,0,0
20250806_081022,rand_0DJ4LQD99C,inversion,-0.07392788841944334,49,-0.04121574153313779,20,-0.09686876882700132,17,-0.09594855265257883,12
20250806_081022,rand_0DJ4LQD99C,scramble,-0.06720695354001238,40,-0.02869754773700827,16,-0.09201981102648342,9,-0.09339593857133413,15
20250806_081022,rand_0DJ4LQD99C,rotate,-0.07859114004763944,30,-0.05845372961411865,11,-0.07752269266959162,13,-0.11782469516153111,6
20250806_081022,rand_0DJ4LQD99C,split,-0.06880015745875519,91,-0.039843234452564054,40,-0.08621612788475244,30,-0.09907624352864694,21
20250806_081022,rand_0DJ4LQD99C,design_params,-0.0795246270116474,87,-0.05451621173567714,34,-0.09195819278187331,35,-0.10258636686859632,18
20250806_081022,rand_0DJ4LQD99C,swap,-0.07478230260236801,36,-0.06444376022904921,16,-0.07027974375110897,7,-0.0899311172125153,13
20250806_081022,rand_0DJ4LQD99C,insertion,-0.0716655497364564,35,-0.03126056588360004,13,-0.07575561693942187,10,-0.11202922624124627,12
20250806_081752,rand_0DKUIPHO4V,design_params,-0.05336082679597119,142,-0.05811193147727637,45,-0.05409042065141844,33,-0.04964400948521351,64
20250806_081752,rand_0DKUIPHO4V,rotate,-0.08062817613834256,45,-0.05302815245300543,14,-0.06801787535386584,10,-0.10503309706403241,21
20250806_081752,rand_0DKUIPHO4V,inversion,-0.08712876506027728,52,-0.09253958925743033,14,-0.08605221520141433,15,-0.08453731763083386,23
20250806_081752,rand_0DKUIPHO4V,scramble,-0.06343759774737347,52,-0.0546739422863901,15,-0.08199396668131209,10,-0.061433565990905464,27
20250806_081752,rand_0DKUIPHO4V,insertion,-0.0540073938896305,42,-0.06251303973173017,15,-0.040373456548571864,10,-0.054522375406047645,17
20250806_081752,rand_0DKUIPHO4V,split,-0.07351091322122184,125,-0.07386981750078359,32,-0.08037740772798142,37,-0.06876903404807758,56
20250806_081752,rand_0DKUIPHO4V,swap,-0.0694077838978185,42,-0.07968988826085242,15,-0.03983851681365663,10,-0.07772902539170734,17
20250806_082551,rand_0DR6EJTF04,design_params,-0.042079628995834284,124,-0.03461347061877522,37,-0.03649111090106675,24,-0.04859347493592328,63
20250806_082551,rand_0DR6EJTF04,rotate,-0.04948033894108565,37,-0.042448516728546964,15,-0.030461959686093425,7,-0.06538740480595405,15
20250806_082551,rand_0DR6EJTF04,swap,-0.05300867907096272,42,-0.03597616944208081,16,-0.03992153914626,9,-0.07596776221122359,17
20250806_082551,rand_0DR6EJTF04,split,-0.04511469630181739,134,-0.02511560396784903,36,-0.03480581332197653,40,-0.06463750049520525,58
20250806_082551,rand_0DR6EJTF04,inversion,-0.06471282128909638,45,-0.0265317710000081,8,-0.05012028074531353,14,-0.08687560259021228,23
20250806_082551,rand_0DR6EJTF04,scramble,-0.038900469668623684,58,-0.024533233814945692,18,-0.04287650495990373,18,-0.04740236103785836,22
20250806_082551,rand_0DR6EJTF04,insertion,-0.04278268150163207,60,-0.028417149591841294,20,-0.05556274615500137,13,-0.047270451786891876,27
20250806_090518,rand_0EQSKZHEZF,swap,-0.07288763211229293,59,-0.04415679196868691,11,-0.07732522616655586,18,-0.08075971706572403,30
20250806_090518,rand_0EQSKZHEZF,scramble,-0.0635782989684174,49,-0.04981720573037574,16,-0.06250439587181093,12,-0.0746766003478433,21
20250806_090518,rand_0EQSKZHEZF,design_params,-0.05056588517455386,126,-0.043073834619882005,37,-0.061264587961940155,33,-0.04921139729132369,56
20250806_090518,rand_0EQSKZHEZF,split,-0.07686864229291815,121,-0.05852425014583086,36,-0.07190233739895542,30,-0.0915847743677186,55
20250806_090518,rand_0EQSKZHEZF,inversion,-0.06547791227836709,49,-0.055508679547228254,21,-0.06339427265084059,13,-0.0812406591124844,15
20250806_090518,rand_0EQSKZHEZF,insertion,-0.05842007292554164,44,-0.01970063740507555,9,-0.05246367002991899,10,-0.07474163087115851,25
20250806_090518,rand_0EQSKZHEZF,rotate,-0.07488851076931353,51,-0.05259993496461431,19,-0.08447602326405722,9,-0.08954917719699144,23
20250806_091223,rand_0F3JY14RT0,rotate,-0.3667127223866279,20,-0.2722899109662507,10,-0.46113553380700517,10,0,0
20250806_091223,rand_0F3JY14RT0,split,-0.06991744811310353,48,-0.05512907439784949,29,-0.09248917641533339,19,0,0
20250806_091223,rand_0F3JY14RT0,insertion,-0.011642608025225997,23,-0.00256632739631326,16,-0.03238839231988368,7,0,0
20250806_091223,rand_0F3JY14RT0,design_params,-0.3489347388771304,61,-0.3754770629999229,39,-0.3018824370230893,22,0,0
20250806_091223,rand_0F3JY14RT0,inversion,-0.02334696830762502,21,-0.013702974026287604,8,-0.029281734019217274,13,0,0
20250806_091223,rand_0F3JY14RT0,scramble,-0.017546661166861252,30,-0.005287135043573795,15,-0.02980618729014871,15,0,0
20250806_091223,rand_0F3JY14RT0,swap,-0.020244269327730775,27,-0.01618770735915612,17,-0.027140424674307682,10,0,0
20250806_093432,rand_0FE3K0A2FM,design_params,-0.0460306372041016,66,-0.03784989295510623,40,-0.058616397587171395,26,0,0
20250806_093432,rand_0FE3K0A2FM,scramble,-0.040855395408218156,23,-0.014737774284173817,14,-0.08148280604562047,9,0,0
20250806_093432,rand_0FE3K0A2FM,swap,-0.04265770333254053,40,-0.030924591770970553,29,-0.07359045199486138,11,0,0
20250806_093432,rand_0FE3K0A2FM,insertion,-0.05417884889357949,26,-0.0437129709396408,12,-0.06314960142552693,14,0,0
20250806_093432,rand_0FE3K0A2FM,split,-0.045246485469921396,53,-0.04103257910157253,31,-0.05118426262532205,22,0,0
20250806_093432,rand_0FE3K0A2FM,inversion,-0.05737435403360603,23,-0.04790858031064019,10,-0.06465571843588744,13,0,0
20250806_093432,rand_0FE3K0A2FM,rotate,-0.042584015651711334,19,-0.0385041009531031,14,-0.054007776807814364,5,0,0
20250806_093712,rand_0FEH12CSYX,inversion,-0.006098022080796321,30,-0.0054571440477067246,20,-0.007379778146975513,10,0,0
20250806_093712,rand_0FEH12CSYX,split,-0.056937108452274746,53,-0.06625504241641647,37,-0.03538938616019701,16,0,0
20250806_093712,rand_0FEH12CSYX,rotate,-0.058749232712187446,26,-0.06593742777856151,15,-0.04894714853076827,11,0,0
20250806_093712,rand_0FEH12CSYX,design_params,-0.07435340911946103,61,-0.07770643608459533,35,-0.06983971897408797,26,0,0
20250806_093712,rand_0FEH12CSYX,scramble,-0.010103811852990882,28,-0.0039055621045936146,15,-0.01725563848575696,13,0,0
20250806_093712,rand_0FEH12CSYX,swap,-0.01349053139203799,22,-0.016601215983734083,9,-0.011336980520863772,13,0,0
20250806_093712,rand_0FEH12CSYX,insertion,-0.007120815707194565,30,-0.0036366443521191486,19,-0.013138929865961192,11,0,0
20250806_094055,rand_0FRNVLDXLN,swap,-0.01536462203585672,15,-0.01676129027144672,12,-0.009777949093496718,3,0,0
20250806_094055,rand_0FRNVLDXLN,split,-0.0138775910280912,30,-0.014478688954769614,22,-0.012224571729725561,8,0,0
20250806_094055,rand_0FRNVLDXLN,design_params,-0.07190140445183854,59,-0.03538862651597771,30,-0.10967324369583249,29,0,0
20250806_094055,rand_0FRNVLDXLN,rotate,-0.49763822374184713,27,-0.4674960686475572,17,-0.54887988740214,10,0,0
20250806_094055,rand_0FRNVLDXLN,insertion,-0.010302445807357319,27,-0.007245393435636852,17,-0.015499434839282112,10,0,0
20250806_094055,rand_0FRNVLDXLN,scramble,-0.01203366605105477,32,-0.011630634491959403,18,-0.012551849484177384,14,0,0
20250806_094055,rand_0FRNVLDXLN,inversion,-0.01644878859234317,26,-0.013743588953163795,15,-0.020137697191224137,11,0,0
20250806_094721,rand_0FU48H5R3N,scramble,-0.017213651631986265,46,-0.01681755418176678,16,-0.037212406594835,14,-0.00011083848971311233,16
20250806_094721,rand_0FU48H5R3N,swap,-0.030049989437879166,44,-0.0376908100201521,14,-0.048189435995566104,13,-0.009886207473070263,17
20250806_094721,rand_0FU48H5R3N,inversion,-0.01566692743152264,42,-0.02774109258160647,15,-0.021790929777120802,9,-0.0025431219669870336,18
20250806_094721,rand_0FU48H5R3N,split,-0.04067700162750162,36,-0.036216519232839965,18,-0.05869379223686338,13,-0.009891082663942941,5
20250806_094721,rand_0FU48H5R3N,design_params,-0.04034266308096715,122,-0.0343985998487425,30,-0.039962348376803104,38,-0.04391254929809625,54
20250806_094721,rand_0FU48H5R3N,rotate,-0.04372294615996745,53,-0.034888592706079816,18,-0.049404302893375246,15,-0.04741284671841047,20
20250806_094721,rand_0FU48H5R3N,insertion,-0.024734627675928645,58,-0.04902737738853307,20,-0.02511394231448246,10,-0.0072471940817277,28
20250806_095033,rand_0GB8PUBD0H,split,-0.10093497104070769,79,-0.09002055053895867,44,-0.11465595681433502,35,0,0
20250806_095033,rand_0GB8PUBD0H,rotate,-0.06972320418654562,19,-0.06784587653145716,13,-0.07379074743923734,6,0,0
20250806_095033,rand_0GB8PUBD0H,scramble,-0.03169619604316039,25,-0.03616701862523696,14,-0.026006058211426573,11,0,0
20250806_095033,rand_0GB8PUBD0H,design_params,-0.07826077004591854,55,-0.059559552134880324,36,-0.11369465661420146,19,0,0
20250806_095033,rand_0GB8PUBD0H,swap,-0.042481710420750246,23,-0.052711397435358985,16,-0.019099568673073133,7,0,0
20250806_095033,rand_0GB8PUBD0H,inversion,-0.042037710126652646,24,-0.037851685724255735,16,-0.050409758931446474,8,0,0
20250806_095033,rand_0GB8PUBD0H,insertion,-0.048136549901630625,25,-0.03660643768250911,11,-0.05719592378808323,14,0,0
20250806_101843,rand_0HO5R8VDXW,split,-0.053697488893684954,68,-0.051564949757936025,45,-0.05786984807232421,23,0,0
20250806_101843,rand_0HO5R8VDXW,design_params,-0.04234228323942277,65,-0.037229312667476006,38,-0.04953831589623671,27,0,0
20250806_101843,rand_0HO5R8VDXW,scramble,-0.04467374288532892,22,-0.04216046870811527,13,-0.048304027807970856,9,0,0
20250806_101843,rand_0HO5R8VDXW,swap,-0.04804355935297571,29,-0.03165452376955304,10,-0.056669367554777125,19,0,0
20250806_101843,rand_0HO5R8VDXW,inversion,-0.050270884511893155,35,-0.05106614396360089,17,-0.049519806140835856,18,0,0
20250806_101843,rand_0HO5R8VDXW,rotate,-0.0547276185208545,27,-0.042350836397821494,12,-0.0646290442192809,15,0,0
20250806_101843,rand_0HO5R8VDXW,insertion,-0.04268293514153307,29,-0.03822601989750347,15,-0.047458201474421924,14,0,0
20250806_103404,rand_0ILCE4RBCG,split,-0.0694913830763425,54,-0.06504342281950998,34,-0.0770529155129578,20,0,0
20250806_103404,rand_0ILCE4RBCG,inversion,-0.06868801485991967,27,-0.05669666018814435,14,-0.08160178142952385,13,0,0
20250806_103404,rand_0ILCE4RBCG,design_params,-0.05449894474578009,55,-0.048523237452388276,32,-0.06281297228441218,23,0,0
20250806_103404,rand_0ILCE4RBCG,swap,-0.0763113889774022,31,-0.06860070876189872,17,-0.08567435781051357,14,0,0
20250806_103404,rand_0ILCE4RBCG,insertion,-0.05842151140221877,31,-0.039819901654821216,20,-0.09224262003385068,11,0,0
20250806_103404,rand_0ILCE4RBCG,scramble,-0.05754539305059789,35,-0.05089076348168207,23,-0.07030009972435323,12,0,0
20250806_103404,rand_0ILCE4RBCG,rotate,-0.08020428436538027,17,-0.06542654390809616,10,-0.1013153421615004,7,0,0
20250806_103929,rand_0IO1V3IZIB,inversion,-0.07021115990798792,45,-0.04987671215028604,17,-0.04148690048548118,6,-0.09375803119962303,22
20250806_103929,rand_0IO1V3IZIB,swap,-0.078419470013147,41,-0.047741537241511194,11,-0.09359133516180307,12,-0.08705251883004264,18
20250806_103929,rand_0IO1V3IZIB,split,-0.07514201652053816,135,-0.0687803578975931,39,-0.07374808515265714,31,-0.07962380973129464,65
20250806_103929,rand_0IO1V3IZIB,scramble,-0.06121520014171303,50,-0.04329862851632232,15,-0.0703635678379336,17,-0.06750555144977476,18
20250806_103929,rand_0IO1V3IZIB,design_params,-0.06555244370185476,129,-0.05513997135185254,38,-0.07044151974068202,35,-0.0695623774150892,56
20250806_103929,rand_0IO1V3IZIB,insertion,-0.05286123789187879,48,-0.03610564639455568,14,-0.05792271571243443,11,-0.060639586802157565,23
20250806_103929,rand_0IO1V3IZIB,rotate,-0.07100861435086965,52,-0.05341099591194176,16,-0.0940811292939385,13,-0.07020944916665015,23
20250806_111034,rand_0JVMGTZZ5G,scramble,-0.04854147077360606,31,-0.004505406381422457,9,-0.054053442749397135,19,-0.14574050810348008,3
20250806_111034,rand_0JVMGTZZ5G,design_params,-0.0573247863335139,74,-0.03232997860745367,38,-0.0784996131746657,29,-0.10528660279021183,7
20250806_111034,rand_0JVMGTZZ5G,swap,-0.051857902368428625,38,-0.02607842145802539,22,-0.08896101635555483,14,-0.07571039447298078,2
20250806_111034,rand_0JVMGTZZ5G,split,-0.06489888332547711,60,-0.036772692588137985,35,-0.08940592813312039,20,-0.16375403925627793,5
20250806_111034,rand_0JVMGTZZ5G,inversion,-0.060919519360429907,42,-0.02637328462708381,20,-0.08178885066262906,19,-0.1590553193354761,3
20250806_111034,rand_0JVMGTZZ5G,insertion,-0.04397425266866542,31,-0.0329668530011267,15,-0.058551854612098726,13,-0.03584164258481467,3
20250806_111034,rand_0JVMGTZZ5G,rotate,-0.4684912340429996,24,-0.5269261487063869,11,-0.4095156423505759,11,-0.47146495770269947,2
20250806_113147,rand_0KIRQ2KQZJ,inversion,-0.047155548944861174,25,-0.043534953575641314,19,-0.0586207676140574,6,0,0
20250806_113147,rand_0KIRQ2KQZJ,design_params,-0.05129662426176307,59,-0.048997190402425325,34,-0.0544238543104624,25,0,0
20250806_113147,rand_0KIRQ2KQZJ,rotate,-0.04456918340994098,24,-0.04900516010420349,21,-0.013517346550103468,3,0,0
20250806_113147,rand_0KIRQ2KQZJ,scramble,-0.05311641395757155,31,-0.056572639250427166,18,-0.048330871244386855,13,0,0
20250806_113147,rand_0KIRQ2KQZJ,split,-0.0693131046092363,57,-0.06659090639012584,31,-0.07255880248586805,26,0,0
20250806_113147,rand_0KIRQ2KQZJ,insertion,-0.04004796514788876,27,-0.03625725409246776,14,-0.04413026936141907,13,0,0
20250806_113147,rand_0KIRQ2KQZJ,swap,-0.05215801234837076,27,-0.04627534497950687,13,-0.05762048919088725,14,0,0
20250806_115255,rand_0KPIEGFOIJ,rotate,-0.05343831694774967,45,-0.0429593489767833,8,-0.04775005318926229,8,-0.05789824294208173,29
20250806_115255,rand_0KPIEGFOIJ,design_params,-0.029462453497171207,125,-0.026792431062041697,45,-0.029634739270735164,31,-0.03180551779513742,49
20250806_115255,rand_0KPIEGFOIJ,split,-0.03719377207340033,120,-0.038634853685026484,38,-0.047129889562384605,31,-0.030080424163590386,51
20250806_115255,rand_0KPIEGFOIJ,insertion,-0.0312786490839196,57,-0.02330229631179865,18,-0.058222140449469724,14,-0.02193326791513861,25
20250806_115255,rand_0KPIEGFOIJ,swap,-0.046024914455584036,52,-0.0447260042286527,12,-0.05339360707554742,17,-0.0412561817679231,23
20250806_115255,rand_0KPIEGFOIJ,scramble,-0.03245242507141874,44,-0.02636287870566479,15,-0.0504582657501647,11,-0.026523477739202272,18
20250806_115255,rand_0KPIEGFOIJ,inversion,-0.04957362058558793,51,-0.039738747339191784,14,-0.04591077692235485,13,-0.057294670296903605,24
20250806_120431,rand_0LPITGY2ZB,design_params,-0.05704217213991166,72,-0.04770487851092812,34,-0.06539659275531796,38,0,0
20250806_120431,rand_0LPITGY2ZB,split,-0.04174096925755331,80,-0.04587524675649268,42,-0.03717150465346242,38,0,0
20250806_120431,rand_0LPITGY2ZB,swap,-0.041631182145928314,34,-0.0379841895206167,23,-0.049256712180670764,11,0,0
20250806_120431,rand_0LPITGY2ZB,rotate,-0.06100577306298942,22,-0.05566671575528263,14,-0.0703491233514763,8,0,0
20250806_120431,rand_0LPITGY2ZB,inversion,-0.05643967089475639,22,-0.05983255959268283,13,-0.05153883166441823,9,0,0
20250806_120431,rand_0LPITGY2ZB,insertion,-0.04735500917329533,28,-0.04251606091884562,15,-0.05293841100535271,13,0,0
20250806_120431,rand_0LPITGY2ZB,scramble,-0.05002657124477369,17,-0.03137581960781569,9,-0.07100866683635144,8,0,0
20250806_124800,rand_0LQ33XZVP8,scramble,-0.022154735846302714,30,-0.02227835439071716,19,-0.021941212905950483,11,0,0
20250806_124800,rand_0LQ33XZVP8,split,-0.019859362024678473,68,-0.022033999059119173,38,-0.017104821781053582,30,0,0
20250806_124800,rand_0LQ33XZVP8,swap,-0.013753705991042704,16,-0.015483919547634718,11,-0.009947236166540275,5,0,0
20250806_124800,rand_0LQ33XZVP8,inversion,-0.027675212994926722,21,-0.03506507323777264,13,-0.01566669010030211,8,0,0
20250806_124800,rand_0LQ33XZVP8,design_params,-0.044531446584989885,60,-0.04277843708965532,40,-0.04803746557565902,20,0,0
20250806_124800,rand_0LQ33XZVP8,rotate,-0.03860010156237014,31,-0.035703973201175694,18,-0.04261012544710093,13,0,0
20250806_124800,rand_0LQ33XZVP8,insertion,-0.015106007490879874,24,-0.015537277448826976,11,-0.014741086757232326,13,0,0
