Generation,BestFitness,AvgChildFitness,DeltaBest,ImprovementFromInitial,pattern_name,run_id
1,0.7835424299294854,,0.0,0.0,rand_07JYAR0G1P,rand_07JYAR0G1P_1754912928.3939252
2,0.8058082649945518,,0.0222658350650664,0.0222658350650664,rand_07JYAR0G1P,rand_07JYAR0G1P_1754912928.3939252
3,0.8058082649945518,,0.0,0.0222658350650664,rand_07JYAR0G1P,rand_07JYAR0G1P_1754912928.3939252
4,0.8058082649945518,,0.0,0.0222658350650664,rand_07JYAR0G1P,rand_07JYAR0G1P_1754912928.3939252
5,0.8058082649945518,,0.0,0.0222658350650664,rand_07JYAR0G1P,rand_07JYAR0G1P_1754912928.3939252
6,0.8058082649945518,,0.0,0.0222658350650664,rand_07JYAR0G1P,rand_07JYAR0G1P_1754912928.3939252
7,0.8058082649945518,,0.0,0.0222658350650664,rand_07JYAR0G1P,rand_07JYAR0G1P_1754912928.3939252
8,0.8058082649945518,,0.0,0.0222658350650664,rand_07JYAR0G1P,rand_07JYAR0G1P_1754912928.3939252
9,0.8058082649945518,,0.0,0.0222658350650664,rand_07JYAR0G1P,rand_07JYAR0G1P_1754912928.3939252
10,0.8144796022222327,,0.0086713372276808,0.0309371722927472,rand_07JYAR0G1P,rand_07JYAR0G1P_1754912928.3939252
11,0.8144796022222327,,0.0,0.0309371722927472,rand_07JYAR0G1P,rand_07JYAR0G1P_1754912928.3939252
12,0.8144796022222327,,0.0,0.0309371722927472,rand_07JYAR0G1P,rand_07JYAR0G1P_1754912928.3939252
1,0.7586930536814949,,0.0,,rand_0EQSKZHEZF,rand_0EQSKZHEZF_1754463918.09561
2,0.7586930536814949,,0.0,,rand_0EQSKZHEZF,rand_0EQSKZHEZF_1754463918.09561
3,0.7586930536814949,,0.0,,rand_0EQSKZHEZF,rand_0EQSKZHEZF_1754463918.09561
4,0.7586930536814949,,0.0,,rand_0EQSKZHEZF,rand_0EQSKZHEZF_1754463918.09561
5,0.7586930536814949,,0.0,,rand_0EQSKZHEZF,rand_0EQSKZHEZF_1754463918.09561
6,0.7586930536814949,,0.0,,rand_0EQSKZHEZF,rand_0EQSKZHEZF_1754463918.09561
7,0.7586930536814949,,0.0,,rand_0EQSKZHEZF,rand_0EQSKZHEZF_1754463918.09561
8,0.7586930536814949,,0.0,,rand_0EQSKZHEZF,rand_0EQSKZHEZF_1754463918.09561
9,0.7586930536814949,,0.0,,rand_0EQSKZHEZF,rand_0EQSKZHEZF_1754463918.09561
10,0.7832826427162849,,0.02458958903479,,rand_0EQSKZHEZF,rand_0EQSKZHEZF_1754463918.09561
11,0.7832826427162849,,0.0,,rand_0EQSKZHEZF,rand_0EQSKZHEZF_1754463918.09561
12,0.7832826427162849,,0.0,,rand_0EQSKZHEZF,rand_0EQSKZHEZF_1754463918.09561
13,0.7832826427162849,,0.0,,rand_0EQSKZHEZF,rand_0EQSKZHEZF_1754463918.09561
14,0.7832826427162849,,0.0,,rand_0EQSKZHEZF,rand_0EQSKZHEZF_1754463918.09561
15,0.7832826427162849,,0.0,,rand_0EQSKZHEZF,rand_0EQSKZHEZF_1754463918.09561
16,0.7832826427162849,,0.0,,rand_0EQSKZHEZF,rand_0EQSKZHEZF_1754463918.09561
17,0.7832826427162849,,0.0,,rand_0EQSKZHEZF,rand_0EQSKZHEZF_1754463918.09561
18,0.7832826427162849,,0.0,,rand_0EQSKZHEZF,rand_0EQSKZHEZF_1754463918.09561
19,0.7832826427162849,,0.0,,rand_0EQSKZHEZF,rand_0EQSKZHEZF_1754463918.09561
20,0.7832826427162849,,0.0,,rand_0EQSKZHEZF,rand_0EQSKZHEZF_1754463918.09561
1,0.8231463502592133,,0.0,0.0,rand_04EGGDPALT,rand_04EGGDPALT_1754901295.200656
2,0.8254867593588464,,0.002340409099633,0.002340409099633,rand_04EGGDPALT,rand_04EGGDPALT_1754901295.200656
3,0.8304749070139461,,0.0049881476550996,0.0073285567547327,rand_04EGGDPALT,rand_04EGGDPALT_1754901295.200656
4,0.8304749070139461,,0.0,0.0073285567547327,rand_04EGGDPALT,rand_04EGGDPALT_1754901295.200656
5,0.8304749070139461,,0.0,0.0073285567547327,rand_04EGGDPALT,rand_04EGGDPALT_1754901295.200656
6,0.8304749070139461,,0.0,0.0073285567547327,rand_04EGGDPALT,rand_04EGGDPALT_1754901295.200656
7,0.8304749070139461,,0.0,0.0073285567547327,rand_04EGGDPALT,rand_04EGGDPALT_1754901295.200656
8,0.8304749070139461,,0.0,0.0073285567547327,rand_04EGGDPALT,rand_04EGGDPALT_1754901295.200656
9,0.8304749070139461,,0.0,0.0073285567547327,rand_04EGGDPALT,rand_04EGGDPALT_1754901295.200656
10,0.8304749070139461,,0.0,0.0073285567547327,rand_04EGGDPALT,rand_04EGGDPALT_1754901295.200656
1,0.7904234714931653,,0.0191655607916532,,rand_0LPITGY2ZB,rand_0LPITGY2ZB_1754474671.1142795
2,0.7904234714931653,,0.0,,rand_0LPITGY2ZB,rand_0LPITGY2ZB_1754474671.1142795
3,0.7904234714931653,,0.0,,rand_0LPITGY2ZB,rand_0LPITGY2ZB_1754474671.1142795
4,0.7904234714931653,,0.0,,rand_0LPITGY2ZB,rand_0LPITGY2ZB_1754474671.1142795
5,0.7904234714931653,,0.0,,rand_0LPITGY2ZB,rand_0LPITGY2ZB_1754474671.1142795
6,0.7904234714931653,,0.0,,rand_0LPITGY2ZB,rand_0LPITGY2ZB_1754474671.1142795
7,0.7914532039868211,,0.0010297324936557,,rand_0LPITGY2ZB,rand_0LPITGY2ZB_1754474671.1142795
8,0.7914532039868211,,0.0,,rand_0LPITGY2ZB,rand_0LPITGY2ZB_1754474671.1142795
9,0.79527421540382,,0.0038210114169989,,rand_0LPITGY2ZB,rand_0LPITGY2ZB_1754474671.1142795
10,0.79527421540382,,0.0,,rand_0LPITGY2ZB,rand_0LPITGY2ZB_1754474671.1142795
11,0.8045441712258588,,0.0092699558220387,,rand_0LPITGY2ZB,rand_0LPITGY2ZB_1754474671.1142795
1,0.7630986320247675,,0.0148232306558231,,rand_09RJPU2VKT,rand_09RJPU2VKT_1754429645.8109899
2,0.7630986320247675,,0.0,,rand_09RJPU2VKT,rand_09RJPU2VKT_1754429645.8109899
3,0.7753560701528316,,0.0122574381280641,,rand_09RJPU2VKT,rand_09RJPU2VKT_1754429645.8109899
4,0.7753560701528316,,0.0,,rand_09RJPU2VKT,rand_09RJPU2VKT_1754429645.8109899
5,0.7753560701528316,,0.0,,rand_09RJPU2VKT,rand_09RJPU2VKT_1754429645.8109899
6,0.7820249271276586,,0.0066688569748269,,rand_09RJPU2VKT,rand_09RJPU2VKT_1754429645.8109899
7,0.7820249271276586,,0.0,,rand_09RJPU2VKT,rand_09RJPU2VKT_1754429645.8109899
8,0.8204149143077213,,0.0383899871800627,,rand_09RJPU2VKT,rand_09RJPU2VKT_1754429645.8109899
9,0.8204149143077213,,0.0,,rand_09RJPU2VKT,rand_09RJPU2VKT_1754429645.8109899
10,0.8204149143077213,,0.0,,rand_09RJPU2VKT,rand_09RJPU2VKT_1754429645.8109899
11,0.8204149143077213,,0.0,,rand_09RJPU2VKT,rand_09RJPU2VKT_1754429645.8109899
12,0.821391446392271,,0.0009765320845497,,rand_09RJPU2VKT,rand_09RJPU2VKT_1754429645.8109899
13,0.821391446392271,,0.0,,rand_09RJPU2VKT,rand_09RJPU2VKT_1754429645.8109899
14,0.821391446392271,,0.0,,rand_09RJPU2VKT,rand_09RJPU2VKT_1754429645.8109899
15,0.8290352447931013,,0.0076437984008302,,rand_09RJPU2VKT,rand_09RJPU2VKT_1754429645.8109899
16,0.8290352447931013,,0.0,,rand_09RJPU2VKT,rand_09RJPU2VKT_1754429645.8109899
17,0.8290352447931013,,0.0,,rand_09RJPU2VKT,rand_09RJPU2VKT_1754429645.8109899
18,0.8290352447931013,,0.0,,rand_09RJPU2VKT,rand_09RJPU2VKT_1754429645.8109899
1,0.7603924809463198,,0.0,0.0,rand_05AG183QLC,rand_05AG183QLC_1754904529.6994638
2,0.7712459414406274,,0.0108534604943075,0.0108534604943075,rand_05AG183QLC,rand_05AG183QLC_1754904529.6994638
3,0.7712459414406274,,0.0,0.0108534604943075,rand_05AG183QLC,rand_05AG183QLC_1754904529.6994638
4,0.7712459414406274,,0.0,0.0108534604943075,rand_05AG183QLC,rand_05AG183QLC_1754904529.6994638
5,0.7788693271214759,,0.0076233856808485,0.0184768461751561,rand_05AG183QLC,rand_05AG183QLC_1754904529.6994638
6,0.7788693271214759,,0.0,0.0184768461751561,rand_05AG183QLC,rand_05AG183QLC_1754904529.6994638
7,0.7788693271214759,,0.0,0.0184768461751561,rand_05AG183QLC,rand_05AG183QLC_1754904529.6994638
8,0.7788693271214759,,0.0,0.0184768461751561,rand_05AG183QLC,rand_05AG183QLC_1754904529.6994638
9,0.7788693271214759,,0.0,0.0184768461751561,rand_05AG183QLC,rand_05AG183QLC_1754904529.6994638
10,0.7819609882287981,,0.0030916611073221,0.0215685072824782,rand_05AG183QLC,rand_05AG183QLC_1754904529.6994638
11,0.7819609882287981,,0.0,0.0215685072824782,rand_05AG183QLC,rand_05AG183QLC_1754904529.6994638
12,0.7819609882287981,,0.0,0.0215685072824782,rand_05AG183QLC,rand_05AG183QLC_1754904529.6994638
1,0.8392257223555903,,0.0,0.0,rand_033UAN6C0K,rand_033UAN6C0K_1754868383.732043
2,0.8392257223555903,,0.0,0.0,rand_033UAN6C0K,rand_033UAN6C0K_1754868383.732043
3,0.8392257223555903,,0.0,0.0,rand_033UAN6C0K,rand_033UAN6C0K_1754868383.732043
4,0.8392257223555903,,0.0,0.0,rand_033UAN6C0K,rand_033UAN6C0K_1754868383.732043
5,0.8392257223555903,,0.0,0.0,rand_033UAN6C0K,rand_033UAN6C0K_1754868383.732043
6,0.8392257223555903,,0.0,0.0,rand_033UAN6C0K,rand_033UAN6C0K_1754868383.732043
7,0.8392257223555903,,0.0,0.0,rand_033UAN6C0K,rand_033UAN6C0K_1754868383.732043
8,0.8392257223555903,,0.0,0.0,rand_033UAN6C0K,rand_033UAN6C0K_1754868383.732043
9,0.8459775612176226,,0.0067518388620322,0.0067518388620322,rand_033UAN6C0K,rand_033UAN6C0K_1754868383.732043
10,0.8459775612176226,,0.0,0.0067518388620322,rand_033UAN6C0K,rand_033UAN6C0K_1754868383.732043
1,0.792665931999314,,0.0,,rand_09WQLJ3QED,rand_09WQLJ3QED_1754430638.2683432
2,0.792665931999314,,0.0,,rand_09WQLJ3QED,rand_09WQLJ3QED_1754430638.2683432
3,0.7936508515253328,,0.0009849195260187,,rand_09WQLJ3QED,rand_09WQLJ3QED_1754430638.2683432
4,0.7936508515253328,,0.0,,rand_09WQLJ3QED,rand_09WQLJ3QED_1754430638.2683432
5,0.7936508515253328,,0.0,,rand_09WQLJ3QED,rand_09WQLJ3QED_1754430638.2683432
6,0.7936508515253328,,0.0,,rand_09WQLJ3QED,rand_09WQLJ3QED_1754430638.2683432
7,0.7936508515253328,,0.0,,rand_09WQLJ3QED,rand_09WQLJ3QED_1754430638.2683432
8,0.7936508515253328,,0.0,,rand_09WQLJ3QED,rand_09WQLJ3QED_1754430638.2683432
9,0.7936508515253328,,0.0,,rand_09WQLJ3QED,rand_09WQLJ3QED_1754430638.2683432
10,0.7998525688525457,,0.0062017173272129,,rand_09WQLJ3QED,rand_09WQLJ3QED_1754430638.2683432
1,0.7922282555803465,,0.0,,rand_0BLQXC4Z8F,rand_0BLQXC4Z8F_1754453740.6265173
2,0.7922282555803465,,0.0,,rand_0BLQXC4Z8F,rand_0BLQXC4Z8F_1754453740.6265173
3,0.7922282555803465,,0.0,,rand_0BLQXC4Z8F,rand_0BLQXC4Z8F_1754453740.6265173
4,0.8104146130703056,,0.0181863574899591,,rand_0BLQXC4Z8F,rand_0BLQXC4Z8F_1754453740.6265173
5,0.8104146130703056,,0.0,,rand_0BLQXC4Z8F,rand_0BLQXC4Z8F_1754453740.6265173
6,0.8398197375421839,,0.0294051244718782,,rand_0BLQXC4Z8F,rand_0BLQXC4Z8F_1754453740.6265173
7,0.8398197375421839,,0.0,,rand_0BLQXC4Z8F,rand_0BLQXC4Z8F_1754453740.6265173
8,0.8398197375421839,,0.0,,rand_0BLQXC4Z8F,rand_0BLQXC4Z8F_1754453740.6265173
9,0.8429845752216905,,0.0031648376795065,,rand_0BLQXC4Z8F,rand_0BLQXC4Z8F_1754453740.6265173
10,0.8506854500492074,,0.0077008748275169,,rand_0BLQXC4Z8F,rand_0BLQXC4Z8F_1754453740.6265173
11,0.8506854500492074,,0.0,,rand_0BLQXC4Z8F,rand_0BLQXC4Z8F_1754453740.6265173
12,0.8571762795614217,,0.0064908295122143,,rand_0BLQXC4Z8F,rand_0BLQXC4Z8F_1754453740.6265173
13,0.8571762795614217,,0.0,,rand_0BLQXC4Z8F,rand_0BLQXC4Z8F_1754453740.6265173
14,0.8571762795614217,,0.0,,rand_0BLQXC4Z8F,rand_0BLQXC4Z8F_1754453740.6265173
15,0.8571762795614217,,0.0,,rand_0BLQXC4Z8F,rand_0BLQXC4Z8F_1754453740.6265173
16,0.8571762795614217,,0.0,,rand_0BLQXC4Z8F,rand_0BLQXC4Z8F_1754453740.6265173
1,0.7431249117420325,,0.0062306938633153,,rand_0BYYF4ET0T,rand_0BYYF4ET0T_1754455777.1082342
2,0.7431249117420325,,0.0,,rand_0BYYF4ET0T,rand_0BYYF4ET0T_1754455777.1082342
3,0.7589592592273343,,0.0158343474853017,,rand_0BYYF4ET0T,rand_0BYYF4ET0T_1754455777.1082342
4,0.7589592592273343,,0.0,,rand_0BYYF4ET0T,rand_0BYYF4ET0T_1754455777.1082342
5,0.7705760617574826,,0.0116168025301482,,rand_0BYYF4ET0T,rand_0BYYF4ET0T_1754455777.1082342
6,0.7705760617574826,,0.0,,rand_0BYYF4ET0T,rand_0BYYF4ET0T_1754455777.1082342
7,0.7705760617574826,,0.0,,rand_0BYYF4ET0T,rand_0BYYF4ET0T_1754455777.1082342
8,0.7705760617574826,,0.0,,rand_0BYYF4ET0T,rand_0BYYF4ET0T_1754455777.1082342
9,0.7705760617574826,,0.0,,rand_0BYYF4ET0T,rand_0BYYF4ET0T_1754455777.1082342
10,0.7705760617574827,,1.1102230246251563e-16,,rand_0BYYF4ET0T,rand_0BYYF4ET0T_1754455777.1082342
11,0.7705760617574827,,0.0,,rand_0BYYF4ET0T,rand_0BYYF4ET0T_1754455777.1082342
12,0.7705760617574827,,0.0,,rand_0BYYF4ET0T,rand_0BYYF4ET0T_1754455777.1082342
13,0.7705760617574827,,0.0,,rand_0BYYF4ET0T,rand_0BYYF4ET0T_1754455777.1082342
14,0.7705760617574827,,0.0,,rand_0BYYF4ET0T,rand_0BYYF4ET0T_1754455777.1082342
15,0.7705760617574827,,0.0,,rand_0BYYF4ET0T,rand_0BYYF4ET0T_1754455777.1082342
1,0.7723355004716413,,0.0074984981022107,,rand_0KIRQ2KQZJ,rand_0KIRQ2KQZJ_1754472707.439337
2,0.7723355004716413,,0.0,,rand_0KIRQ2KQZJ,rand_0KIRQ2KQZJ_1754472707.439337
3,0.7819704738450078,,0.0096349733733664,,rand_0KIRQ2KQZJ,rand_0KIRQ2KQZJ_1754472707.439337
4,0.7819704738450078,,0.0,,rand_0KIRQ2KQZJ,rand_0KIRQ2KQZJ_1754472707.439337
5,0.7819704738450078,,0.0,,rand_0KIRQ2KQZJ,rand_0KIRQ2KQZJ_1754472707.439337
6,0.7903724710625125,,0.0084019972175046,,rand_0KIRQ2KQZJ,rand_0KIRQ2KQZJ_1754472707.439337
7,0.7903724710625125,,0.0,,rand_0KIRQ2KQZJ,rand_0KIRQ2KQZJ_1754472707.439337
8,0.7903724710625125,,0.0,,rand_0KIRQ2KQZJ,rand_0KIRQ2KQZJ_1754472707.439337
9,0.7903724710625125,,0.0,,rand_0KIRQ2KQZJ,rand_0KIRQ2KQZJ_1754472707.439337
10,0.7918668586122584,,0.0014943875497458,,rand_0KIRQ2KQZJ,rand_0KIRQ2KQZJ_1754472707.439337
1,0.7422501112753114,,0.0,,rand_0BYSXIM9OF,rand_0BYSXIM9OF_1754454271.8671794
2,0.7422501112753114,,0.0,,rand_0BYSXIM9OF,rand_0BYSXIM9OF_1754454271.8671794
3,0.7575540595855768,,0.0153039483102653,,rand_0BYSXIM9OF,rand_0BYSXIM9OF_1754454271.8671794
4,0.7877532688513367,,0.0301992092657599,,rand_0BYSXIM9OF,rand_0BYSXIM9OF_1754454271.8671794
5,0.7945622670873231,,0.0068089982359864,,rand_0BYSXIM9OF,rand_0BYSXIM9OF_1754454271.8671794
6,0.7945622670873231,,0.0,,rand_0BYSXIM9OF,rand_0BYSXIM9OF_1754454271.8671794
7,0.7945622670873231,,0.0,,rand_0BYSXIM9OF,rand_0BYSXIM9OF_1754454271.8671794
8,0.7945622670873231,,0.0,,rand_0BYSXIM9OF,rand_0BYSXIM9OF_1754454271.8671794
9,0.7945622670873231,,0.0,,rand_0BYSXIM9OF,rand_0BYSXIM9OF_1754454271.8671794
10,0.7945622670873231,,0.0,,rand_0BYSXIM9OF,rand_0BYSXIM9OF_1754454271.8671794
11,0.7945622670873231,,0.0,,rand_0BYSXIM9OF,rand_0BYSXIM9OF_1754454271.8671794
12,0.7945622670873231,,0.0,,rand_0BYSXIM9OF,rand_0BYSXIM9OF_1754454271.8671794
13,0.7945622670873231,,0.0,,rand_0BYSXIM9OF,rand_0BYSXIM9OF_1754454271.8671794
14,0.8073246690464201,,0.0127624019590969,,rand_0BYSXIM9OF,rand_0BYSXIM9OF_1754454271.8671794
15,0.8073246690464201,,0.0,,rand_0BYSXIM9OF,rand_0BYSXIM9OF_1754454271.8671794
16,0.8073246690464201,,0.0,,rand_0BYSXIM9OF,rand_0BYSXIM9OF_1754454271.8671794
17,0.8073246690464201,,0.0,,rand_0BYSXIM9OF,rand_0BYSXIM9OF_1754454271.8671794
18,0.8073246690464201,,0.0,,rand_0BYSXIM9OF,rand_0BYSXIM9OF_1754454271.8671794
19,0.8073246690464201,,0.0,,rand_0BYSXIM9OF,rand_0BYSXIM9OF_1754454271.8671794
20,0.8073246690464201,,0.0,,rand_0BYSXIM9OF,rand_0BYSXIM9OF_1754454271.8671794
1,0.7787441198437227,,0.0,,rand_0JVMGTZZ5G,rand_0JVMGTZZ5G_1754471434.2670429
2,0.799113906056478,,0.0203697862127553,,rand_0JVMGTZZ5G,rand_0JVMGTZZ5G_1754471434.2670429
3,0.799113906056478,,0.0,,rand_0JVMGTZZ5G,rand_0JVMGTZZ5G_1754471434.2670429
4,0.799113906056478,,0.0,,rand_0JVMGTZZ5G,rand_0JVMGTZZ5G_1754471434.2670429
5,0.799113906056478,,0.0,,rand_0JVMGTZZ5G,rand_0JVMGTZZ5G_1754471434.2670429
6,0.799113906056478,,0.0,,rand_0JVMGTZZ5G,rand_0JVMGTZZ5G_1754471434.2670429
7,0.799113906056478,,0.0,,rand_0JVMGTZZ5G,rand_0JVMGTZZ5G_1754471434.2670429
8,0.799113906056478,,0.0,,rand_0JVMGTZZ5G,rand_0JVMGTZZ5G_1754471434.2670429
9,0.799113906056478,,0.0,,rand_0JVMGTZZ5G,rand_0JVMGTZZ5G_1754471434.2670429
10,0.799113906056478,,0.0,,rand_0JVMGTZZ5G,rand_0JVMGTZZ5G_1754471434.2670429
11,0.799113906056478,,0.0,,rand_0JVMGTZZ5G,rand_0JVMGTZZ5G_1754471434.2670429
12,0.8017406658234543,,0.0026267597669762,,rand_0JVMGTZZ5G,rand_0JVMGTZZ5G_1754471434.2670429
1,0.9062763092379952,,0.0,0.0,rand_07XRPZ49VR,rand_07XRPZ49VR_1754913488.3037615
2,0.9062763092379952,,0.0,0.0,rand_07XRPZ49VR,rand_07XRPZ49VR_1754913488.3037615
3,0.9062763092379952,,0.0,0.0,rand_07XRPZ49VR,rand_07XRPZ49VR_1754913488.3037615
4,0.9062763092379952,,0.0,0.0,rand_07XRPZ49VR,rand_07XRPZ49VR_1754913488.3037615
5,0.9062763092379952,,0.0,0.0,rand_07XRPZ49VR,rand_07XRPZ49VR_1754913488.3037615
6,0.906356787662602,,8.047842460667809e-05,8.047842460667809e-05,rand_07XRPZ49VR,rand_07XRPZ49VR_1754913488.3037615
7,0.906356787662602,,0.0,8.047842460667809e-05,rand_07XRPZ49VR,rand_07XRPZ49VR_1754913488.3037615
8,0.906356787662602,,0.0,8.047842460667809e-05,rand_07XRPZ49VR,rand_07XRPZ49VR_1754913488.3037615
9,0.906356787662602,,0.0,8.047842460667809e-05,rand_07XRPZ49VR,rand_07XRPZ49VR_1754913488.3037615
10,0.906356787662602,,0.0,8.047842460667809e-05,rand_07XRPZ49VR,rand_07XRPZ49VR_1754913488.3037615
1,0.707662713936655,,0.0032043895908571,,rand_0KPIEGFOIJ,rand_0KPIEGFOIJ_1754473975.5695257
2,0.707662713936655,,0.0,,rand_0KPIEGFOIJ,rand_0KPIEGFOIJ_1754473975.5695257
3,0.7362422100409056,,0.0285794961042505,,rand_0KPIEGFOIJ,rand_0KPIEGFOIJ_1754473975.5695257
4,0.7362422100409056,,0.0,,rand_0KPIEGFOIJ,rand_0KPIEGFOIJ_1754473975.5695257
5,0.7362422100409056,,0.0,,rand_0KPIEGFOIJ,rand_0KPIEGFOIJ_1754473975.5695257
6,0.7362422100409056,,0.0,,rand_0KPIEGFOIJ,rand_0KPIEGFOIJ_1754473975.5695257
7,0.7362422100409056,,0.0,,rand_0KPIEGFOIJ,rand_0KPIEGFOIJ_1754473975.5695257
8,0.7362422100409056,,0.0,,rand_0KPIEGFOIJ,rand_0KPIEGFOIJ_1754473975.5695257
9,0.7362422100409056,,0.0,,rand_0KPIEGFOIJ,rand_0KPIEGFOIJ_1754473975.5695257
10,0.757465754078248,,0.0212235440373423,,rand_0KPIEGFOIJ,rand_0KPIEGFOIJ_1754473975.5695257
11,0.7767869786848285,,0.0193212246065804,,rand_0KPIEGFOIJ,rand_0KPIEGFOIJ_1754473975.5695257
12,0.7767869786848285,,0.0,,rand_0KPIEGFOIJ,rand_0KPIEGFOIJ_1754473975.5695257
13,0.7767869786848285,,0.0,,rand_0KPIEGFOIJ,rand_0KPIEGFOIJ_1754473975.5695257
14,0.7767869786848285,,0.0,,rand_0KPIEGFOIJ,rand_0KPIEGFOIJ_1754473975.5695257
15,0.7767869786848285,,0.0,,rand_0KPIEGFOIJ,rand_0KPIEGFOIJ_1754473975.5695257
16,0.7767869786848285,,0.0,,rand_0KPIEGFOIJ,rand_0KPIEGFOIJ_1754473975.5695257
17,0.7792747415764566,,0.0024877628916281,,rand_0KPIEGFOIJ,rand_0KPIEGFOIJ_1754473975.5695257
18,0.7792747415764566,,0.0,,rand_0KPIEGFOIJ,rand_0KPIEGFOIJ_1754473975.5695257
19,0.7792747415764566,,0.0,,rand_0KPIEGFOIJ,rand_0KPIEGFOIJ_1754473975.5695257
20,0.7796225680647397,,0.0003478264882831,,rand_0KPIEGFOIJ,rand_0KPIEGFOIJ_1754473975.5695257
1,0.9375423413016336,,0.0,0.0,rand_07LSZ9ASL3,rand_07LSZ9ASL3_1754913130.0006747
2,0.9375423413016336,,0.0,0.0,rand_07LSZ9ASL3,rand_07LSZ9ASL3_1754913130.0006747
3,0.94018484189893,,0.0026425005972962,0.0026425005972962,rand_07LSZ9ASL3,rand_07LSZ9ASL3_1754913130.0006747
4,0.94018484189893,,0.0,0.0026425005972962,rand_07LSZ9ASL3,rand_07LSZ9ASL3_1754913130.0006747
5,0.94018484189893,,0.0,0.0026425005972962,rand_07LSZ9ASL3,rand_07LSZ9ASL3_1754913130.0006747
6,0.94018484189893,,0.0,0.0026425005972962,rand_07LSZ9ASL3,rand_07LSZ9ASL3_1754913130.0006747
7,0.94018484189893,,0.0,0.0026425005972962,rand_07LSZ9ASL3,rand_07LSZ9ASL3_1754913130.0006747
8,0.94018484189893,,0.0,0.0026425005972962,rand_07LSZ9ASL3,rand_07LSZ9ASL3_1754913130.0006747
9,0.94018484189893,,0.0,0.0026425005972962,rand_07LSZ9ASL3,rand_07LSZ9ASL3_1754913130.0006747
10,0.94018484189893,,0.0,0.0026425005972962,rand_07LSZ9ASL3,rand_07LSZ9ASL3_1754913130.0006747
1,0.7580830986149276,,0.0,,rand_0CQVYOX5F6,rand_0CQVYOX5F6_1754459546.7675602
2,0.7580830986149276,,0.0,,rand_0CQVYOX5F6,rand_0CQVYOX5F6_1754459546.7675602
3,0.7580830986149277,,1.1102230246251563e-16,,rand_0CQVYOX5F6,rand_0CQVYOX5F6_1754459546.7675602
4,0.7580830986149277,,0.0,,rand_0CQVYOX5F6,rand_0CQVYOX5F6_1754459546.7675602
5,0.7621451155097156,,0.0040620168947879,,rand_0CQVYOX5F6,rand_0CQVYOX5F6_1754459546.7675602
6,0.7658629206557271,,0.0037178051460114,,rand_0CQVYOX5F6,rand_0CQVYOX5F6_1754459546.7675602
7,0.7658629206557271,,0.0,,rand_0CQVYOX5F6,rand_0CQVYOX5F6_1754459546.7675602
8,0.7658629206557271,,0.0,,rand_0CQVYOX5F6,rand_0CQVYOX5F6_1754459546.7675602
9,0.7706270018506772,,0.00476408119495,,rand_0CQVYOX5F6,rand_0CQVYOX5F6_1754459546.7675602
10,0.7706270018506772,,0.0,,rand_0CQVYOX5F6,rand_0CQVYOX5F6_1754459546.7675602
1,0.8623199178072541,,0.0321513051765495,,rand_0C4I1ENEGQ,rand_0C4I1ENEGQ_1754456173.7550168
2,0.8623199178072541,,0.0,,rand_0C4I1ENEGQ,rand_0C4I1ENEGQ_1754456173.7550168
3,0.8623199178072541,,0.0,,rand_0C4I1ENEGQ,rand_0C4I1ENEGQ_1754456173.7550168
4,0.8623199178072541,,0.0,,rand_0C4I1ENEGQ,rand_0C4I1ENEGQ_1754456173.7550168
5,0.8623199178072541,,0.0,,rand_0C4I1ENEGQ,rand_0C4I1ENEGQ_1754456173.7550168
6,0.8690670365182633,,0.0067471187110091,,rand_0C4I1ENEGQ,rand_0C4I1ENEGQ_1754456173.7550168
7,0.8690670365182633,,0.0,,rand_0C4I1ENEGQ,rand_0C4I1ENEGQ_1754456173.7550168
8,0.8690670365182633,,0.0,,rand_0C4I1ENEGQ,rand_0C4I1ENEGQ_1754456173.7550168
9,0.8690670365182633,,0.0,,rand_0C4I1ENEGQ,rand_0C4I1ENEGQ_1754456173.7550168
10,0.8690670365182633,,0.0,,rand_0C4I1ENEGQ,rand_0C4I1ENEGQ_1754456173.7550168
11,0.8690670365182633,,0.0,,rand_0C4I1ENEGQ,rand_0C4I1ENEGQ_1754456173.7550168
1,0.9756513436379648,,0.0049757612263151,,rand_0FEH12CSYX,rand_0FEH12CSYX_1754465832.4979122
2,0.9756513436379648,,0.0,,rand_0FEH12CSYX,rand_0FEH12CSYX_1754465832.4979122
3,0.975969356598404,,0.000318012960439,,rand_0FEH12CSYX,rand_0FEH12CSYX_1754465832.4979122
4,0.975969356598404,,0.0,,rand_0FEH12CSYX,rand_0FEH12CSYX_1754465832.4979122
5,0.975969356598404,,0.0,,rand_0FEH12CSYX,rand_0FEH12CSYX_1754465832.4979122
6,0.975969356598404,,0.0,,rand_0FEH12CSYX,rand_0FEH12CSYX_1754465832.4979122
7,0.975969356598404,,0.0,,rand_0FEH12CSYX,rand_0FEH12CSYX_1754465832.4979122
8,0.975969356598404,,0.0,,rand_0FEH12CSYX,rand_0FEH12CSYX_1754465832.4979122
9,0.9769455128498212,,0.0009761562514171,,rand_0FEH12CSYX,rand_0FEH12CSYX_1754465832.4979122
10,0.9769455128498212,,1.1102230246251563e-16,,rand_0FEH12CSYX,rand_0FEH12CSYX_1754465832.4979122
1,0.8023536522917347,,0.0,0.0,rand_03EQU44RFB,rand_03EQU44RFB_1754894464.9619663
2,0.8063975392707233,,0.0040438869789886,0.0040438869789886,rand_03EQU44RFB,rand_03EQU44RFB_1754894464.9619663
3,0.8070336735930045,,0.0006361343222811,0.0046800213012697,rand_03EQU44RFB,rand_03EQU44RFB_1754894464.9619663
4,0.814153686573303,,0.0071200129802985,0.0118000342815682,rand_03EQU44RFB,rand_03EQU44RFB_1754894464.9619663
5,0.814153686573303,,0.0,0.0118000342815682,rand_03EQU44RFB,rand_03EQU44RFB_1754894464.9619663
6,0.814153686573303,,0.0,0.0118000342815682,rand_03EQU44RFB,rand_03EQU44RFB_1754894464.9619663
7,0.8231308491183995,,0.0089771625450965,0.0207771968266647,rand_03EQU44RFB,rand_03EQU44RFB_1754894464.9619663
8,0.8307087607857937,,0.0075779116673941,0.0283551084940589,rand_03EQU44RFB,rand_03EQU44RFB_1754894464.9619663
9,0.8497672238587329,,0.0190584630729392,0.0474135715669982,rand_03EQU44RFB,rand_03EQU44RFB_1754894464.9619663
10,0.8497672238587329,,0.0,0.0474135715669982,rand_03EQU44RFB,rand_03EQU44RFB_1754894464.9619663
11,0.8535652599166529,,0.0037980360579199,0.0512116076249181,rand_03EQU44RFB,rand_03EQU44RFB_1754894464.9619663
12,0.8627969094309778,,0.0092316495143248,0.060443257139243,rand_03EQU44RFB,rand_03EQU44RFB_1754894464.9619663
13,0.8627969094309778,,0.0,0.060443257139243,rand_03EQU44RFB,rand_03EQU44RFB_1754894464.9619663
14,0.8627969094309778,,0.0,0.060443257139243,rand_03EQU44RFB,rand_03EQU44RFB_1754894464.9619663
15,0.8634416560138718,,0.000644746582894,0.061088003722137,rand_03EQU44RFB,rand_03EQU44RFB_1754894464.9619663
16,0.8634416560138718,,0.0,0.061088003722137,rand_03EQU44RFB,rand_03EQU44RFB_1754894464.9619663
17,0.8634416560138718,,0.0,0.061088003722137,rand_03EQU44RFB,rand_03EQU44RFB_1754894464.9619663
18,0.8634416560138718,,0.0,0.061088003722137,rand_03EQU44RFB,rand_03EQU44RFB_1754894464.9619663
19,0.8634416560138718,,0.0,0.061088003722137,rand_03EQU44RFB,rand_03EQU44RFB_1754894464.9619663
1,0.8484154711268159,,0.0,,rand_0DI5LMM8WZ,rand_0DI5LMM8WZ_1754460266.978511
2,0.8679595391436413,,0.0195440680168254,,rand_0DI5LMM8WZ,rand_0DI5LMM8WZ_1754460266.978511
3,0.8679595391436413,,0.0,,rand_0DI5LMM8WZ,rand_0DI5LMM8WZ_1754460266.978511
4,0.8679595391436413,,0.0,,rand_0DI5LMM8WZ,rand_0DI5LMM8WZ_1754460266.978511
5,0.8679595391436413,,0.0,,rand_0DI5LMM8WZ,rand_0DI5LMM8WZ_1754460266.978511
6,0.8680329043251224,,7.336518148104432e-05,,rand_0DI5LMM8WZ,rand_0DI5LMM8WZ_1754460266.978511
7,0.8680329043251224,,0.0,,rand_0DI5LMM8WZ,rand_0DI5LMM8WZ_1754460266.978511
8,0.8680329043251224,,0.0,,rand_0DI5LMM8WZ,rand_0DI5LMM8WZ_1754460266.978511
9,0.8716965856482762,,0.0036636813231538,,rand_0DI5LMM8WZ,rand_0DI5LMM8WZ_1754460266.978511
10,0.8716965856482762,,0.0,,rand_0DI5LMM8WZ,rand_0DI5LMM8WZ_1754460266.978511
11,0.8716965856482762,,0.0,,rand_0DI5LMM8WZ,rand_0DI5LMM8WZ_1754460266.978511
12,0.8781718385548458,,0.0064752529065695,,rand_0DI5LMM8WZ,rand_0DI5LMM8WZ_1754460266.978511
1,0.7682946135146225,,0.0,0.0,rand_072Z1RD0W5,rand_072Z1RD0W5_1754909121.379482
2,0.7682946135146225,,0.0,0.0,rand_072Z1RD0W5,rand_072Z1RD0W5_1754909121.379482
3,0.7694169510078404,,0.0011223374932178,0.0011223374932178,rand_072Z1RD0W5,rand_072Z1RD0W5_1754909121.379482
4,0.7694169510078404,,0.0,0.0011223374932178,rand_072Z1RD0W5,rand_072Z1RD0W5_1754909121.379482
5,0.7736657546101807,,0.0042488036023403,0.0053711410955582,rand_072Z1RD0W5,rand_072Z1RD0W5_1754909121.379482
6,0.7736657546101807,,0.0,0.0053711410955582,rand_072Z1RD0W5,rand_072Z1RD0W5_1754909121.379482
7,0.7736657546101807,,0.0,0.0053711410955582,rand_072Z1RD0W5,rand_072Z1RD0W5_1754909121.379482
8,0.7736657546101807,,0.0,0.0053711410955582,rand_072Z1RD0W5,rand_072Z1RD0W5_1754909121.379482
9,0.7763620187307999,,0.0026962641206191,0.0080674052161774,rand_072Z1RD0W5,rand_072Z1RD0W5_1754909121.379482
10,0.7763620187307999,,0.0,0.0080674052161774,rand_072Z1RD0W5,rand_072Z1RD0W5_1754909121.379482
1,0.7674362458634432,,0.0,,rand_0LQ33XZVP8,rand_0LQ33XZVP8_1754477280.8254385
2,0.7674362458634432,,0.0,,rand_0LQ33XZVP8,rand_0LQ33XZVP8_1754477280.8254385
3,0.7674362458634432,,0.0,,rand_0LQ33XZVP8,rand_0LQ33XZVP8_1754477280.8254385
4,0.7674362458634432,,0.0,,rand_0LQ33XZVP8,rand_0LQ33XZVP8_1754477280.8254385
5,0.7674362458634432,,0.0,,rand_0LQ33XZVP8,rand_0LQ33XZVP8_1754477280.8254385
6,0.7674362458634432,,0.0,,rand_0LQ33XZVP8,rand_0LQ33XZVP8_1754477280.8254385
7,0.7674362458634432,,0.0,,rand_0LQ33XZVP8,rand_0LQ33XZVP8_1754477280.8254385
8,0.7674362458634432,,0.0,,rand_0LQ33XZVP8,rand_0LQ33XZVP8_1754477280.8254385
9,0.7674362458634432,,0.0,,rand_0LQ33XZVP8,rand_0LQ33XZVP8_1754477280.8254385
10,0.7674362458634432,,0.0,,rand_0LQ33XZVP8,rand_0LQ33XZVP8_1754477280.8254385
1,0.749808906768355,,0.0,,rand_0B1T21D8NX,rand_0B1T21D8NX_1754451038.0190487
2,0.7517437085862936,,0.0019348018179385,,rand_0B1T21D8NX,rand_0B1T21D8NX_1754451038.0190487
3,0.7517437085862936,,0.0,,rand_0B1T21D8NX,rand_0B1T21D8NX_1754451038.0190487
4,0.7517437085862936,,0.0,,rand_0B1T21D8NX,rand_0B1T21D8NX_1754451038.0190487
5,0.7703010781078141,,0.0185573695215205,,rand_0B1T21D8NX,rand_0B1T21D8NX_1754451038.0190487
6,0.7703010781078141,,0.0,,rand_0B1T21D8NX,rand_0B1T21D8NX_1754451038.0190487
7,0.7703010781078141,,0.0,,rand_0B1T21D8NX,rand_0B1T21D8NX_1754451038.0190487
8,0.7703010781078141,,0.0,,rand_0B1T21D8NX,rand_0B1T21D8NX_1754451038.0190487
9,0.7703010781078141,,0.0,,rand_0B1T21D8NX,rand_0B1T21D8NX_1754451038.0190487
10,0.7703010781078141,,0.0,,rand_0B1T21D8NX,rand_0B1T21D8NX_1754451038.0190487
11,0.7703010781078141,,0.0,,rand_0B1T21D8NX,rand_0B1T21D8NX_1754451038.0190487
12,0.7703010781078141,,0.0,,rand_0B1T21D8NX,rand_0B1T21D8NX_1754451038.0190487
13,0.7703010781078141,,0.0,,rand_0B1T21D8NX,rand_0B1T21D8NX_1754451038.0190487
14,0.7703010781078141,,0.0,,rand_0B1T21D8NX,rand_0B1T21D8NX_1754451038.0190487
15,0.7703010781078141,,0.0,,rand_0B1T21D8NX,rand_0B1T21D8NX_1754451038.0190487
1,0.7904832668208466,,0.0,0.0,rand_05H6WP8PJX,rand_05H6WP8PJX_1754905510.7747297
2,0.7904832668208466,,0.0,0.0,rand_05H6WP8PJX,rand_05H6WP8PJX_1754905510.7747297
3,0.7904832668208466,,0.0,0.0,rand_05H6WP8PJX,rand_05H6WP8PJX_1754905510.7747297
4,0.7904832668208466,,0.0,0.0,rand_05H6WP8PJX,rand_05H6WP8PJX_1754905510.7747297
5,0.7904832668208466,,0.0,0.0,rand_05H6WP8PJX,rand_05H6WP8PJX_1754905510.7747297
6,0.7904832668208466,,0.0,0.0,rand_05H6WP8PJX,rand_05H6WP8PJX_1754905510.7747297
7,0.7904832668208466,,0.0,0.0,rand_05H6WP8PJX,rand_05H6WP8PJX_1754905510.7747297
8,0.8003745131751856,,0.009891246354339,0.009891246354339,rand_05H6WP8PJX,rand_05H6WP8PJX_1754905510.7747297
9,0.8003745131751856,,0.0,0.009891246354339,rand_05H6WP8PJX,rand_05H6WP8PJX_1754905510.7747297
10,0.8003745131751856,,0.0,0.009891246354339,rand_05H6WP8PJX,rand_05H6WP8PJX_1754905510.7747297
1,0.8992114842904383,,0.0,,rand_0F3JY14RT0,rand_0F3JY14RT0_1754464343.6653762
2,0.8992114842904383,,0.0,,rand_0F3JY14RT0,rand_0F3JY14RT0_1754464343.6653762
3,0.900759075128744,,0.0015475908383056,,rand_0F3JY14RT0,rand_0F3JY14RT0_1754464343.6653762
4,0.903020408916236,,0.0022613337874921,,rand_0F3JY14RT0,rand_0F3JY14RT0_1754464343.6653762
5,0.9081968965723448,,0.0051764876561085,,rand_0F3JY14RT0,rand_0F3JY14RT0_1754464343.6653762
6,0.9125041920671162,,0.0043072954947714,,rand_0F3JY14RT0,rand_0F3JY14RT0_1754464343.6653762
7,0.9125041920671162,,0.0,,rand_0F3JY14RT0,rand_0F3JY14RT0_1754464343.6653762
8,0.9125041920671162,,0.0,,rand_0F3JY14RT0,rand_0F3JY14RT0_1754464343.6653762
9,0.9125041920671162,,0.0,,rand_0F3JY14RT0,rand_0F3JY14RT0_1754464343.6653762
10,0.9125041920671162,,0.0,,rand_0F3JY14RT0,rand_0F3JY14RT0_1754464343.6653762
1,0.7805759699224625,,0.0,0.0,rand_05V1M7JE75,rand_05V1M7JE75_1754907204.5279827
2,0.7805759699224625,,0.0,0.0,rand_05V1M7JE75,rand_05V1M7JE75_1754907204.5279827
3,0.7832426927645749,,0.0026667228421124,0.0026667228421124,rand_05V1M7JE75,rand_05V1M7JE75_1754907204.5279827
4,0.8029463368768739,,0.0197036441122989,0.0223703669544114,rand_05V1M7JE75,rand_05V1M7JE75_1754907204.5279827
5,0.8029463368768739,,0.0,0.0223703669544114,rand_05V1M7JE75,rand_05V1M7JE75_1754907204.5279827
6,0.8029463368768739,,0.0,0.0223703669544114,rand_05V1M7JE75,rand_05V1M7JE75_1754907204.5279827
7,0.8029463368768739,,0.0,0.0223703669544114,rand_05V1M7JE75,rand_05V1M7JE75_1754907204.5279827
8,0.8069253555499336,,0.0039790186730597,0.0263493856274711,rand_05V1M7JE75,rand_05V1M7JE75_1754907204.5279827
9,0.8069253555499336,,0.0,0.0263493856274711,rand_05V1M7JE75,rand_05V1M7JE75_1754907204.5279827
10,0.8069253555499336,,0.0,0.0263493856274711,rand_05V1M7JE75,rand_05V1M7JE75_1754907204.5279827
11,0.8069253555499336,,0.0,0.0263493856274711,rand_05V1M7JE75,rand_05V1M7JE75_1754907204.5279827
12,0.8069253555499336,,0.0,0.0263493856274711,rand_05V1M7JE75,rand_05V1M7JE75_1754907204.5279827
13,0.8069253555499336,,0.0,0.0263493856274711,rand_05V1M7JE75,rand_05V1M7JE75_1754907204.5279827
14,0.8069253555499336,,0.0,0.0263493856274711,rand_05V1M7JE75,rand_05V1M7JE75_1754907204.5279827
1,0.8274845783844718,,0.0,,rand_0BVS2KDJ6H,rand_0BVS2KDJ6H_1754453949.1029732
2,0.8274845783844718,,0.0,,rand_0BVS2KDJ6H,rand_0BVS2KDJ6H_1754453949.1029732
3,0.8274845783844718,,0.0,,rand_0BVS2KDJ6H,rand_0BVS2KDJ6H_1754453949.1029732
4,0.8274845783844718,,0.0,,rand_0BVS2KDJ6H,rand_0BVS2KDJ6H_1754453949.1029732
5,0.8274845783844718,,0.0,,rand_0BVS2KDJ6H,rand_0BVS2KDJ6H_1754453949.1029732
6,0.8363700743262543,,0.0088854959417825,,rand_0BVS2KDJ6H,rand_0BVS2KDJ6H_1754453949.1029732
7,0.8363700743262543,,0.0,,rand_0BVS2KDJ6H,rand_0BVS2KDJ6H_1754453949.1029732
8,0.8363700743262543,,0.0,,rand_0BVS2KDJ6H,rand_0BVS2KDJ6H_1754453949.1029732
9,0.8363700743262543,,0.0,,rand_0BVS2KDJ6H,rand_0BVS2KDJ6H_1754453949.1029732
10,0.8403577532013552,,0.0039876788751008,,rand_0BVS2KDJ6H,rand_0BVS2KDJ6H_1754453949.1029732
1,0.7224573456832072,,0.0,0.0,rand_080HTM498A,rand_080HTM498A_1754915065.2535641
2,0.7224573456832072,,0.0,0.0,rand_080HTM498A,rand_080HTM498A_1754915065.2535641
3,0.7399093372632229,,0.0174519915800157,0.0174519915800157,rand_080HTM498A,rand_080HTM498A_1754915065.2535641
4,0.7399093372632229,,0.0,0.0174519915800157,rand_080HTM498A,rand_080HTM498A_1754915065.2535641
5,0.7399093372632229,,0.0,0.0174519915800157,rand_080HTM498A,rand_080HTM498A_1754915065.2535641
6,0.7399093372632229,,0.0,0.0174519915800157,rand_080HTM498A,rand_080HTM498A_1754915065.2535641
7,0.7399093372632229,,0.0,0.0174519915800157,rand_080HTM498A,rand_080HTM498A_1754915065.2535641
8,0.7399093372632229,,0.0,0.0174519915800157,rand_080HTM498A,rand_080HTM498A_1754915065.2535641
9,0.7411634886698735,,0.0012541514066505,0.0187061429866662,rand_080HTM498A,rand_080HTM498A_1754915065.2535641
10,0.7436706389045648,,0.0025071502346912,0.0212132932213575,rand_080HTM498A,rand_080HTM498A_1754915065.2535641
11,0.7436706389045648,,0.0,0.0212132932213575,rand_080HTM498A,rand_080HTM498A_1754915065.2535641
12,0.7436706389045648,,0.0,0.0212132932213575,rand_080HTM498A,rand_080HTM498A_1754915065.2535641
13,0.7436706389045648,,0.0,0.0212132932213575,rand_080HTM498A,rand_080HTM498A_1754915065.2535641
1,0.9054722939844964,,0.0,,rand_0FRNVLDXLN,rand_0FRNVLDXLN_1754466055.4104552
2,0.9054722939844964,,0.0,,rand_0FRNVLDXLN,rand_0FRNVLDXLN_1754466055.4104552
3,0.9066632263767104,,0.0011909323922139,,rand_0FRNVLDXLN,rand_0FRNVLDXLN_1754466055.4104552
4,0.9066632263767104,,0.0,,rand_0FRNVLDXLN,rand_0FRNVLDXLN_1754466055.4104552
5,0.9066632263767104,,0.0,,rand_0FRNVLDXLN,rand_0FRNVLDXLN_1754466055.4104552
6,0.9066632263767104,,0.0,,rand_0FRNVLDXLN,rand_0FRNVLDXLN_1754466055.4104552
7,0.9066632263767104,,0.0,,rand_0FRNVLDXLN,rand_0FRNVLDXLN_1754466055.4104552
8,0.9066632263767104,,0.0,,rand_0FRNVLDXLN,rand_0FRNVLDXLN_1754466055.4104552
9,0.9066632263767104,,0.0,,rand_0FRNVLDXLN,rand_0FRNVLDXLN_1754466055.4104552
10,0.9066632263767104,,0.0,,rand_0FRNVLDXLN,rand_0FRNVLDXLN_1754466055.4104552
1,0.8748350471518742,,0.0,,rand_0FU48H5R3N,rand_0FU48H5R3N_1754466441.0624373
2,0.8776580963714447,,0.0028230492195704,,rand_0FU48H5R3N,rand_0FU48H5R3N_1754466441.0624373
3,0.8776580963714447,,0.0,,rand_0FU48H5R3N,rand_0FU48H5R3N_1754466441.0624373
4,0.8776580963714447,,0.0,,rand_0FU48H5R3N,rand_0FU48H5R3N_1754466441.0624373
5,0.8776580963714447,,0.0,,rand_0FU48H5R3N,rand_0FU48H5R3N_1754466441.0624373
6,0.8900775731411804,,0.0124194767697357,,rand_0FU48H5R3N,rand_0FU48H5R3N_1754466441.0624373
7,0.8900775731411806,,2.220446049250313e-16,,rand_0FU48H5R3N,rand_0FU48H5R3N_1754466441.0624373
8,0.8900775731411806,,0.0,,rand_0FU48H5R3N,rand_0FU48H5R3N_1754466441.0624373
9,0.9110305462034672,,0.0209529730622864,,rand_0FU48H5R3N,rand_0FU48H5R3N_1754466441.0624373
10,0.9110305462034672,,0.0,,rand_0FU48H5R3N,rand_0FU48H5R3N_1754466441.0624373
11,0.9110305462034672,,0.0,,rand_0FU48H5R3N,rand_0FU48H5R3N_1754466441.0624373
12,0.9110305462034672,,0.0,,rand_0FU48H5R3N,rand_0FU48H5R3N_1754466441.0624373
13,0.9110305462034672,,0.0,,rand_0FU48H5R3N,rand_0FU48H5R3N_1754466441.0624373
14,0.9110305462034672,,0.0,,rand_0FU48H5R3N,rand_0FU48H5R3N_1754466441.0624373
15,0.911393266108149,,0.0003627199046818,,rand_0FU48H5R3N,rand_0FU48H5R3N_1754466441.0624373
16,0.911393266108149,,0.0,,rand_0FU48H5R3N,rand_0FU48H5R3N_1754466441.0624373
17,0.911393266108149,,0.0,,rand_0FU48H5R3N,rand_0FU48H5R3N_1754466441.0624373
18,0.911393266108149,,0.0,,rand_0FU48H5R3N,rand_0FU48H5R3N_1754466441.0624373
19,0.911393266108149,,0.0,,rand_0FU48H5R3N,rand_0FU48H5R3N_1754466441.0624373
1,0.7475211655684667,,0.0254095368533693,,rand_0AAY3NQH8J,rand_0AAY3NQH8J_1754447540.4946573
2,0.7475211655684667,,0.0,,rand_0AAY3NQH8J,rand_0AAY3NQH8J_1754447540.4946573
3,0.7476573444254426,,0.0001361788569759,,rand_0AAY3NQH8J,rand_0AAY3NQH8J_1754447540.4946573
4,0.7476573444254426,,0.0,,rand_0AAY3NQH8J,rand_0AAY3NQH8J_1754447540.4946573
5,0.7476573444254426,,0.0,,rand_0AAY3NQH8J,rand_0AAY3NQH8J_1754447540.4946573
6,0.7476573444254426,,0.0,,rand_0AAY3NQH8J,rand_0AAY3NQH8J_1754447540.4946573
7,0.7502428496711913,,0.0025855052457486,,rand_0AAY3NQH8J,rand_0AAY3NQH8J_1754447540.4946573
8,0.7502428496711913,,0.0,,rand_0AAY3NQH8J,rand_0AAY3NQH8J_1754447540.4946573
9,0.7507732937694038,,0.0005304440982125,,rand_0AAY3NQH8J,rand_0AAY3NQH8J_1754447540.4946573
10,0.7835628840960465,,0.0327895903266426,,rand_0AAY3NQH8J,rand_0AAY3NQH8J_1754447540.4946573
11,0.7835628840960465,,0.0,,rand_0AAY3NQH8J,rand_0AAY3NQH8J_1754447540.4946573
12,0.7835628840960465,,0.0,,rand_0AAY3NQH8J,rand_0AAY3NQH8J_1754447540.4946573
13,0.7835628840960465,,0.0,,rand_0AAY3NQH8J,rand_0AAY3NQH8J_1754447540.4946573
14,0.7835628840960465,,0.0,,rand_0AAY3NQH8J,rand_0AAY3NQH8J_1754447540.4946573
15,0.7835628840960465,,0.0,,rand_0AAY3NQH8J,rand_0AAY3NQH8J_1754447540.4946573
16,0.7835628840960465,,0.0,,rand_0AAY3NQH8J,rand_0AAY3NQH8J_1754447540.4946573
17,0.7835628840960465,,0.0,,rand_0AAY3NQH8J,rand_0AAY3NQH8J_1754447540.4946573
18,0.7835628840960465,,0.0,,rand_0AAY3NQH8J,rand_0AAY3NQH8J_1754447540.4946573
19,0.7835628840960465,,0.0,,rand_0AAY3NQH8J,rand_0AAY3NQH8J_1754447540.4946573
20,0.7907777568232355,,0.007214872727189,,rand_0AAY3NQH8J,rand_0AAY3NQH8J_1754447540.4946573
1,0.6911236519759769,,0.0167990529422132,0.0167990529422132,rand_023FMIGQK0,rand_023FMIGQK0_1754868097.7412179
2,0.6940903240992446,,0.0029666721232677,0.019765725065481,rand_023FMIGQK0,rand_023FMIGQK0_1754868097.7412179
3,0.6989787528406869,,0.0048884287414422,0.0246541538069232,rand_023FMIGQK0,rand_023FMIGQK0_1754868097.7412179
4,0.6989787528406869,,0.0,0.0246541538069232,rand_023FMIGQK0,rand_023FMIGQK0_1754868097.7412179
5,0.6989787528406869,,0.0,0.0246541538069232,rand_023FMIGQK0,rand_023FMIGQK0_1754868097.7412179
6,0.733157776013088,,0.034179023172401,0.0588331769793243,rand_023FMIGQK0,rand_023FMIGQK0_1754868097.7412179
7,0.733157776013088,,0.0,0.0588331769793243,rand_023FMIGQK0,rand_023FMIGQK0_1754868097.7412179
8,0.733157776013088,,0.0,0.0588331769793243,rand_023FMIGQK0,rand_023FMIGQK0_1754868097.7412179
9,0.733157776013088,,0.0,0.0588331769793243,rand_023FMIGQK0,rand_023FMIGQK0_1754868097.7412179
10,0.733157776013088,,0.0,0.0588331769793243,rand_023FMIGQK0,rand_023FMIGQK0_1754868097.7412179
11,0.733157776013088,,0.0,0.0588331769793243,rand_023FMIGQK0,rand_023FMIGQK0_1754868097.7412179
12,0.733157776013088,,0.0,0.0588331769793243,rand_023FMIGQK0,rand_023FMIGQK0_1754868097.7412179
13,0.733157776013088,,0.0,0.0588331769793243,rand_023FMIGQK0,rand_023FMIGQK0_1754868097.7412179
14,0.733157776013088,,0.0,0.0588331769793243,rand_023FMIGQK0,rand_023FMIGQK0_1754868097.7412179
15,0.733157776013088,,0.0,0.0588331769793243,rand_023FMIGQK0,rand_023FMIGQK0_1754868097.7412179
16,0.7501000213986657,,0.0169422453855777,0.075775422364902,rand_023FMIGQK0,rand_023FMIGQK0_1754868097.7412179
17,0.7501000213986657,,0.0,0.075775422364902,rand_023FMIGQK0,rand_023FMIGQK0_1754868097.7412179
18,0.7501000213986657,,0.0,0.075775422364902,rand_023FMIGQK0,rand_023FMIGQK0_1754868097.7412179
19,0.7501000213986657,,0.0,0.075775422364902,rand_023FMIGQK0,rand_023FMIGQK0_1754868097.7412179
20,0.7501000213986657,,0.0,0.075775422364902,rand_023FMIGQK0,rand_023FMIGQK0_1754868097.7412179
1,0.894159982857092,,0.0,0.0,rand_07SXFM3OXA,rand_07SXFM3OXA_1754913236.185723
2,0.894159982857092,,0.0,0.0,rand_07SXFM3OXA,rand_07SXFM3OXA_1754913236.185723
3,0.894159982857092,,0.0,0.0,rand_07SXFM3OXA,rand_07SXFM3OXA_1754913236.185723
4,0.894159982857092,,0.0,0.0,rand_07SXFM3OXA,rand_07SXFM3OXA_1754913236.185723
5,0.894159982857092,,0.0,0.0,rand_07SXFM3OXA,rand_07SXFM3OXA_1754913236.185723
6,0.894159982857092,,0.0,0.0,rand_07SXFM3OXA,rand_07SXFM3OXA_1754913236.185723
7,0.894159982857092,,0.0,0.0,rand_07SXFM3OXA,rand_07SXFM3OXA_1754913236.185723
8,0.894159982857092,,0.0,0.0,rand_07SXFM3OXA,rand_07SXFM3OXA_1754913236.185723
9,0.894159982857092,,0.0,0.0,rand_07SXFM3OXA,rand_07SXFM3OXA_1754913236.185723
10,0.8989433295810829,,0.0047833467239909,0.0047833467239909,rand_07SXFM3OXA,rand_07SXFM3OXA_1754913236.185723
1,0.8926148315421957,,0.0,0.0,rand_0734NLMRN9,rand_0734NLMRN9_1754909894.6323042
2,0.8926148315421957,,0.0,0.0,rand_0734NLMRN9,rand_0734NLMRN9_1754909894.6323042
3,0.8926148315421957,,0.0,0.0,rand_0734NLMRN9,rand_0734NLMRN9_1754909894.6323042
4,0.8926148315421957,,0.0,0.0,rand_0734NLMRN9,rand_0734NLMRN9_1754909894.6323042
5,0.8926148315421957,,0.0,0.0,rand_0734NLMRN9,rand_0734NLMRN9_1754909894.6323042
6,0.8926148315421957,,0.0,0.0,rand_0734NLMRN9,rand_0734NLMRN9_1754909894.6323042
7,0.8926148315421957,,0.0,0.0,rand_0734NLMRN9,rand_0734NLMRN9_1754909894.6323042
8,0.8926148315421957,,0.0,0.0,rand_0734NLMRN9,rand_0734NLMRN9_1754909894.6323042
9,0.8926148315421957,,0.0,0.0,rand_0734NLMRN9,rand_0734NLMRN9_1754909894.6323042
10,0.8926148315421957,,0.0,0.0,rand_0734NLMRN9,rand_0734NLMRN9_1754909894.6323042
1,0.8854078163779201,,0.019236620643384,,rand_0BC49T2K2O,rand_0BC49T2K2O_1754451430.8744981
2,0.8854078163779201,,0.0,,rand_0BC49T2K2O,rand_0BC49T2K2O_1754451430.8744981
3,0.8854078163779201,,0.0,,rand_0BC49T2K2O,rand_0BC49T2K2O_1754451430.8744981
4,0.8854078163779201,,0.0,,rand_0BC49T2K2O,rand_0BC49T2K2O_1754451430.8744981
5,0.8854078163779201,,0.0,,rand_0BC49T2K2O,rand_0BC49T2K2O_1754451430.8744981
6,0.8854078163779201,,0.0,,rand_0BC49T2K2O,rand_0BC49T2K2O_1754451430.8744981
7,0.8854078163779201,,0.0,,rand_0BC49T2K2O,rand_0BC49T2K2O_1754451430.8744981
8,0.8854078163779201,,0.0,,rand_0BC49T2K2O,rand_0BC49T2K2O_1754451430.8744981
9,0.8854078163779201,,0.0,,rand_0BC49T2K2O,rand_0BC49T2K2O_1754451430.8744981
10,0.8854078163779201,,0.0,,rand_0BC49T2K2O,rand_0BC49T2K2O_1754451430.8744981
11,0.8854078163779201,,0.0,,rand_0BC49T2K2O,rand_0BC49T2K2O_1754451430.8744981
1,0.9841835486035658,,0.0,,rand_0GB8PUBD0H,rand_0GB8PUBD0H_1754466633.0610461
2,0.9925835533606222,,0.0084000047570563,,rand_0GB8PUBD0H,rand_0GB8PUBD0H_1754466633.0610461
3,0.9925835533606222,,0.0,,rand_0GB8PUBD0H,rand_0GB8PUBD0H_1754466633.0610461
4,0.9925835533606222,,0.0,,rand_0GB8PUBD0H,rand_0GB8PUBD0H_1754466633.0610461
5,0.9925835533606222,,0.0,,rand_0GB8PUBD0H,rand_0GB8PUBD0H_1754466633.0610461
6,0.9925835533606222,,0.0,,rand_0GB8PUBD0H,rand_0GB8PUBD0H_1754466633.0610461
7,0.9925835533606222,,0.0,,rand_0GB8PUBD0H,rand_0GB8PUBD0H_1754466633.0610461
8,0.9925835533606222,,0.0,,rand_0GB8PUBD0H,rand_0GB8PUBD0H_1754466633.0610461
9,0.9925835533606222,,0.0,,rand_0GB8PUBD0H,rand_0GB8PUBD0H_1754466633.0610461
10,0.9925835533606222,,0.0,,rand_0GB8PUBD0H,rand_0GB8PUBD0H_1754466633.0610461
1,0.9426701500866,,0.0,,rand_09OHSXSIJE,rand_09OHSXSIJE_1754429237.7790635
2,0.9426701500866,,0.0,,rand_09OHSXSIJE,rand_09OHSXSIJE_1754429237.7790635
3,0.9426701500866,,0.0,,rand_09OHSXSIJE,rand_09OHSXSIJE_1754429237.7790635
4,0.942933470353356,,0.0002633202667561,,rand_09OHSXSIJE,rand_09OHSXSIJE_1754429237.7790635
5,0.942933470353356,,0.0,,rand_09OHSXSIJE,rand_09OHSXSIJE_1754429237.7790635
6,0.942933470353356,,0.0,,rand_09OHSXSIJE,rand_09OHSXSIJE_1754429237.7790635
7,0.942933470353356,,0.0,,rand_09OHSXSIJE,rand_09OHSXSIJE_1754429237.7790635
8,0.942933470353356,,0.0,,rand_09OHSXSIJE,rand_09OHSXSIJE_1754429237.7790635
9,0.942933470353356,,0.0,,rand_09OHSXSIJE,rand_09OHSXSIJE_1754429237.7790635
10,0.942933470353356,,0.0,,rand_09OHSXSIJE,rand_09OHSXSIJE_1754429237.7790635
1,0.7974122239830742,,0.0,0.0,rand_0883WEOFDQ,rand_0883WEOFDQ_1754919108.5154183
2,0.7974122239830742,,0.0,0.0,rand_0883WEOFDQ,rand_0883WEOFDQ_1754919108.5154183
3,0.7974122239830742,,0.0,0.0,rand_0883WEOFDQ,rand_0883WEOFDQ_1754919108.5154183
4,0.7974122239830742,,0.0,0.0,rand_0883WEOFDQ,rand_0883WEOFDQ_1754919108.5154183
5,0.7974122239830742,,0.0,0.0,rand_0883WEOFDQ,rand_0883WEOFDQ_1754919108.5154183
6,0.7974122239830742,,0.0,0.0,rand_0883WEOFDQ,rand_0883WEOFDQ_1754919108.5154183
7,0.7974122239830742,,0.0,0.0,rand_0883WEOFDQ,rand_0883WEOFDQ_1754919108.5154183
8,0.8077083939664217,,0.0102961699833474,0.0102961699833474,rand_0883WEOFDQ,rand_0883WEOFDQ_1754919108.5154183
9,0.8078778082922737,,0.000169414325852,0.0104655843091995,rand_0883WEOFDQ,rand_0883WEOFDQ_1754919108.5154183
10,0.8147703850467136,,0.0068925767544398,0.0173581610636394,rand_0883WEOFDQ,rand_0883WEOFDQ_1754919108.5154183
11,0.8147703850467136,,0.0,0.0173581610636394,rand_0883WEOFDQ,rand_0883WEOFDQ_1754919108.5154183
12,0.8147703850467136,,0.0,0.0173581610636394,rand_0883WEOFDQ,rand_0883WEOFDQ_1754919108.5154183
13,0.8147703850467136,,0.0,0.0173581610636394,rand_0883WEOFDQ,rand_0883WEOFDQ_1754919108.5154183
14,0.8147703850467136,,0.0,0.0173581610636394,rand_0883WEOFDQ,rand_0883WEOFDQ_1754919108.5154183
15,0.8147703850467136,,0.0,0.0173581610636394,rand_0883WEOFDQ,rand_0883WEOFDQ_1754919108.5154183
16,0.8147703850467136,,0.0,0.0173581610636394,rand_0883WEOFDQ,rand_0883WEOFDQ_1754919108.5154183
17,0.8147703850467136,,0.0,0.0173581610636394,rand_0883WEOFDQ,rand_0883WEOFDQ_1754919108.5154183
18,0.8147703850467136,,0.0,0.0173581610636394,rand_0883WEOFDQ,rand_0883WEOFDQ_1754919108.5154183
1,0.9367323325741028,,0.0,,rand_08JNMI8ORP,rand_08JNMI8ORP_1754429139.7394593
2,0.9481457578976582,,0.0114134253235553,,rand_08JNMI8ORP,rand_08JNMI8ORP_1754429139.7394593
3,0.9513684936310296,,0.0032227357333713,,rand_08JNMI8ORP,rand_08JNMI8ORP_1754429139.7394593
4,0.9513684936310296,,0.0,,rand_08JNMI8ORP,rand_08JNMI8ORP_1754429139.7394593
5,0.9513684936310296,,0.0,,rand_08JNMI8ORP,rand_08JNMI8ORP_1754429139.7394593
6,0.9518761581559976,,0.000507664524968,,rand_08JNMI8ORP,rand_08JNMI8ORP_1754429139.7394593
7,0.9518761581559976,,0.0,,rand_08JNMI8ORP,rand_08JNMI8ORP_1754429139.7394593
8,0.9518761581559976,,0.0,,rand_08JNMI8ORP,rand_08JNMI8ORP_1754429139.7394593
9,0.9518761581559976,,0.0,,rand_08JNMI8ORP,rand_08JNMI8ORP_1754429139.7394593
10,0.95339337956307,,0.0015172214070722,,rand_08JNMI8ORP,rand_08JNMI8ORP_1754429139.7394593
11,0.95339337956307,,0.0,,rand_08JNMI8ORP,rand_08JNMI8ORP_1754429139.7394593
12,0.95339337956307,,0.0,,rand_08JNMI8ORP,rand_08JNMI8ORP_1754429139.7394593
1,0.758242342211215,,0.0,,rand_0FE3K0A2FM,rand_0FE3K0A2FM_1754465672.7413385
2,0.758242342211215,,0.0,,rand_0FE3K0A2FM,rand_0FE3K0A2FM_1754465672.7413385
3,0.758242342211215,,0.0,,rand_0FE3K0A2FM,rand_0FE3K0A2FM_1754465672.7413385
4,0.758242342211215,,0.0,,rand_0FE3K0A2FM,rand_0FE3K0A2FM_1754465672.7413385
5,0.758242342211215,,0.0,,rand_0FE3K0A2FM,rand_0FE3K0A2FM_1754465672.7413385
6,0.758242342211215,,0.0,,rand_0FE3K0A2FM,rand_0FE3K0A2FM_1754465672.7413385
7,0.7590264977415752,,0.0007841555303601,,rand_0FE3K0A2FM,rand_0FE3K0A2FM_1754465672.7413385
8,0.7590264977415752,,0.0,,rand_0FE3K0A2FM,rand_0FE3K0A2FM_1754465672.7413385
9,0.7590264977415752,,0.0,,rand_0FE3K0A2FM,rand_0FE3K0A2FM_1754465672.7413385
10,0.7590264977415752,,0.0,,rand_0FE3K0A2FM,rand_0FE3K0A2FM_1754465672.7413385
1,0.7656076405984613,,0.0,,rand_0BD28UCVO8,rand_0BD28UCVO8_1754453491.7263744
2,0.7699691805959956,,0.0043615399975343,,rand_0BD28UCVO8,rand_0BD28UCVO8_1754453491.7263744
3,0.7699691805959956,,0.0,,rand_0BD28UCVO8,rand_0BD28UCVO8_1754453491.7263744
4,0.7699691805959956,,0.0,,rand_0BD28UCVO8,rand_0BD28UCVO8_1754453491.7263744
5,0.7699691805959956,,0.0,,rand_0BD28UCVO8,rand_0BD28UCVO8_1754453491.7263744
6,0.7765703379196954,,0.0066011573236998,,rand_0BD28UCVO8,rand_0BD28UCVO8_1754453491.7263744
7,0.7765703379196954,,0.0,,rand_0BD28UCVO8,rand_0BD28UCVO8_1754453491.7263744
8,0.7832159056380434,,0.006645567718348,,rand_0BD28UCVO8,rand_0BD28UCVO8_1754453491.7263744
9,0.7832159056380434,,0.0,,rand_0BD28UCVO8,rand_0BD28UCVO8_1754453491.7263744
10,0.7832159056380437,,2.220446049250313e-16,,rand_0BD28UCVO8,rand_0BD28UCVO8_1754453491.7263744
1,0.9267099578535214,,0.0,,rand_0CHR1E6MTT,rand_0CHR1E6MTT_1754457162.0399728
2,0.9322639310889114,,0.0055539732353899,,rand_0CHR1E6MTT,rand_0CHR1E6MTT_1754457162.0399728
3,0.9322639310889114,,0.0,,rand_0CHR1E6MTT,rand_0CHR1E6MTT_1754457162.0399728
4,0.9322639310889114,,0.0,,rand_0CHR1E6MTT,rand_0CHR1E6MTT_1754457162.0399728
5,0.9322639310889114,,0.0,,rand_0CHR1E6MTT,rand_0CHR1E6MTT_1754457162.0399728
6,0.9326965116204152,,0.0004325805315039,,rand_0CHR1E6MTT,rand_0CHR1E6MTT_1754457162.0399728
7,0.9326965116204152,,0.0,,rand_0CHR1E6MTT,rand_0CHR1E6MTT_1754457162.0399728
8,0.9326965116204152,,0.0,,rand_0CHR1E6MTT,rand_0CHR1E6MTT_1754457162.0399728
9,0.9326965116204152,,0.0,,rand_0CHR1E6MTT,rand_0CHR1E6MTT_1754457162.0399728
10,0.9326965116204152,,0.0,,rand_0CHR1E6MTT,rand_0CHR1E6MTT_1754457162.0399728
1,0.7905610391602355,,0.0012906896170565,0.0012906896170565,rand_07EKIQJMNA,rand_07EKIQJMNA_1754912799.5951285
2,0.8030370624723154,,0.0124760233120799,0.0137667129291365,rand_07EKIQJMNA,rand_07EKIQJMNA_1754912799.5951285
3,0.8174949718117512,,0.0144579093394358,0.0282246222685723,rand_07EKIQJMNA,rand_07EKIQJMNA_1754912799.5951285
4,0.8174949718117512,,0.0,0.0282246222685723,rand_07EKIQJMNA,rand_07EKIQJMNA_1754912799.5951285
5,0.8294170853657593,,0.011922113554008,0.0401467358225804,rand_07EKIQJMNA,rand_07EKIQJMNA_1754912799.5951285
6,0.8294170853657593,,0.0,0.0401467358225804,rand_07EKIQJMNA,rand_07EKIQJMNA_1754912799.5951285
7,0.8294170853657593,,0.0,0.0401467358225804,rand_07EKIQJMNA,rand_07EKIQJMNA_1754912799.5951285
8,0.8294170853657593,,0.0,0.0401467358225804,rand_07EKIQJMNA,rand_07EKIQJMNA_1754912799.5951285
9,0.8294170853657593,,0.0,0.0401467358225804,rand_07EKIQJMNA,rand_07EKIQJMNA_1754912799.5951285
10,0.8294170853657593,,0.0,0.0401467358225804,rand_07EKIQJMNA,rand_07EKIQJMNA_1754912799.5951285
11,0.8294170853657593,,0.0,0.0401467358225804,rand_07EKIQJMNA,rand_07EKIQJMNA_1754912799.5951285
12,0.8294170853657593,,0.0,0.0401467358225804,rand_07EKIQJMNA,rand_07EKIQJMNA_1754912799.5951285
13,0.8294170853657593,,0.0,0.0401467358225804,rand_07EKIQJMNA,rand_07EKIQJMNA_1754912799.5951285
14,0.8294170853657593,,0.0,0.0401467358225804,rand_07EKIQJMNA,rand_07EKIQJMNA_1754912799.5951285
15,0.8294170853657593,,0.0,0.0401467358225804,rand_07EKIQJMNA,rand_07EKIQJMNA_1754912799.5951285
1,0.8358529661035626,,0.0348030523562093,0.0348030523562093,rand_00YONAPXZE,rand_00YONAPXZE_1754867270.213638
2,0.8358529661035626,,0.0,0.0348030523562093,rand_00YONAPXZE,rand_00YONAPXZE_1754867270.213638
3,0.8358529661035626,,0.0,0.0348030523562093,rand_00YONAPXZE,rand_00YONAPXZE_1754867270.213638
4,0.8358529661035626,,0.0,0.0348030523562093,rand_00YONAPXZE,rand_00YONAPXZE_1754867270.213638
5,0.8358529661035626,,0.0,0.0348030523562093,rand_00YONAPXZE,rand_00YONAPXZE_1754867270.213638
6,0.8358529661035626,,0.0,0.0348030523562093,rand_00YONAPXZE,rand_00YONAPXZE_1754867270.213638
7,0.8358529661035626,,0.0,0.0348030523562093,rand_00YONAPXZE,rand_00YONAPXZE_1754867270.213638
8,0.8358529661035626,,0.0,0.0348030523562093,rand_00YONAPXZE,rand_00YONAPXZE_1754867270.213638
9,0.8398072684678068,,0.0039543023642442,0.0387573547204536,rand_00YONAPXZE,rand_00YONAPXZE_1754867270.213638
10,0.8424648434484913,,0.0026575749806844,0.041414929701138,rand_00YONAPXZE,rand_00YONAPXZE_1754867270.213638
11,0.8424648434484913,,0.0,0.041414929701138,rand_00YONAPXZE,rand_00YONAPXZE_1754867270.213638
1,0.7596905243901584,,0.0,,rand_0DJ4LQD99C,rand_0DJ4LQD99C_1754460622.9354787
2,0.7680076667683097,,0.0083171423781512,,rand_0DJ4LQD99C,rand_0DJ4LQD99C_1754460622.9354787
3,0.7707182083573657,,0.002710541589056,,rand_0DJ4LQD99C,rand_0DJ4LQD99C_1754460622.9354787
4,0.7707182083573657,,0.0,,rand_0DJ4LQD99C,rand_0DJ4LQD99C_1754460622.9354787
5,0.8016008321374811,,0.0308826237801154,,rand_0DJ4LQD99C,rand_0DJ4LQD99C_1754460622.9354787
6,0.8016008321374811,,0.0,,rand_0DJ4LQD99C,rand_0DJ4LQD99C_1754460622.9354787
7,0.8017968803481581,,0.0001960482106769,,rand_0DJ4LQD99C,rand_0DJ4LQD99C_1754460622.9354787
8,0.8017968803481581,,0.0,,rand_0DJ4LQD99C,rand_0DJ4LQD99C_1754460622.9354787
9,0.8017968803481581,,0.0,,rand_0DJ4LQD99C,rand_0DJ4LQD99C_1754460622.9354787
10,0.8017968803481581,,0.0,,rand_0DJ4LQD99C,rand_0DJ4LQD99C_1754460622.9354787
11,0.8017968803481581,,0.0,,rand_0DJ4LQD99C,rand_0DJ4LQD99C_1754460622.9354787
12,0.8017968803481581,,0.0,,rand_0DJ4LQD99C,rand_0DJ4LQD99C_1754460622.9354787
13,0.8017968803481581,,0.0,,rand_0DJ4LQD99C,rand_0DJ4LQD99C_1754460622.9354787
14,0.8017968803481581,,0.0,,rand_0DJ4LQD99C,rand_0DJ4LQD99C_1754460622.9354787
15,0.8017968803481581,,0.0,,rand_0DJ4LQD99C,rand_0DJ4LQD99C_1754460622.9354787
1,0.8820032692772586,,0.007852065450977,0.007852065450977,rand_04ANOD2PBA,rand_04ANOD2PBA_1754897572.4086564
2,0.8820032692772586,,0.0,0.007852065450977,rand_04ANOD2PBA,rand_04ANOD2PBA_1754897572.4086564
3,0.8820032692772586,,0.0,0.007852065450977,rand_04ANOD2PBA,rand_04ANOD2PBA_1754897572.4086564
4,0.8820032692772586,,0.0,0.007852065450977,rand_04ANOD2PBA,rand_04ANOD2PBA_1754897572.4086564
5,0.8820032692772586,,0.0,0.007852065450977,rand_04ANOD2PBA,rand_04ANOD2PBA_1754897572.4086564
6,0.8820032692772586,,0.0,0.007852065450977,rand_04ANOD2PBA,rand_04ANOD2PBA_1754897572.4086564
7,0.8827641810713658,,0.0007609117941071,0.0086129772450842,rand_04ANOD2PBA,rand_04ANOD2PBA_1754897572.4086564
8,0.8827641810713658,,0.0,0.0086129772450842,rand_04ANOD2PBA,rand_04ANOD2PBA_1754897572.4086564
9,0.8827641810713658,,0.0,0.0086129772450842,rand_04ANOD2PBA,rand_04ANOD2PBA_1754897572.4086564
10,0.8857718738009493,,0.0030076927295835,0.0116206699746678,rand_04ANOD2PBA,rand_04ANOD2PBA_1754897572.4086564
1,0.7574144575251357,,0.0,0.0,rand_05PQL1BU0S,rand_05PQL1BU0S_1754906925.9742975
2,0.7914029265747066,,0.0339884690495708,0.0339884690495708,rand_05PQL1BU0S,rand_05PQL1BU0S_1754906925.9742975
3,0.7914029265747066,,0.0,0.0339884690495708,rand_05PQL1BU0S,rand_05PQL1BU0S_1754906925.9742975
4,0.7914029265747066,,0.0,0.0339884690495708,rand_05PQL1BU0S,rand_05PQL1BU0S_1754906925.9742975
5,0.7914029265747066,,0.0,0.0339884690495708,rand_05PQL1BU0S,rand_05PQL1BU0S_1754906925.9742975
6,0.7914029265747066,,0.0,0.0339884690495708,rand_05PQL1BU0S,rand_05PQL1BU0S_1754906925.9742975
7,0.7914029265747066,,0.0,0.0339884690495708,rand_05PQL1BU0S,rand_05PQL1BU0S_1754906925.9742975
8,0.7914029265747066,,0.0,0.0339884690495708,rand_05PQL1BU0S,rand_05PQL1BU0S_1754906925.9742975
9,0.7914029265747066,,0.0,0.0339884690495708,rand_05PQL1BU0S,rand_05PQL1BU0S_1754906925.9742975
10,0.7914029265747066,,0.0,0.0339884690495708,rand_05PQL1BU0S,rand_05PQL1BU0S_1754906925.9742975
11,0.7914029265747066,,0.0,0.0339884690495708,rand_05PQL1BU0S,rand_05PQL1BU0S_1754906925.9742975
12,0.7914029265747066,,0.0,0.0339884690495708,rand_05PQL1BU0S,rand_05PQL1BU0S_1754906925.9742975
1,0.8182931901778128,,0.0,,rand_0A36YXPNV0,rand_0A36YXPNV0_1754442355.0221882
2,0.8267503672337799,,0.0084571770559671,,rand_0A36YXPNV0,rand_0A36YXPNV0_1754442355.0221882
3,0.8267503672337799,,0.0,,rand_0A36YXPNV0,rand_0A36YXPNV0_1754442355.0221882
4,0.8267503672337799,,0.0,,rand_0A36YXPNV0,rand_0A36YXPNV0_1754442355.0221882
5,0.8327703966849808,,0.0060200294512008,,rand_0A36YXPNV0,rand_0A36YXPNV0_1754442355.0221882
6,0.8327703966849808,,0.0,,rand_0A36YXPNV0,rand_0A36YXPNV0_1754442355.0221882
7,0.8327703966849808,,0.0,,rand_0A36YXPNV0,rand_0A36YXPNV0_1754442355.0221882
8,0.8327703966849808,,0.0,,rand_0A36YXPNV0,rand_0A36YXPNV0_1754442355.0221882
9,0.8327703966849808,,0.0,,rand_0A36YXPNV0,rand_0A36YXPNV0_1754442355.0221882
10,0.8531988015033638,,0.020428404818383,,rand_0A36YXPNV0,rand_0A36YXPNV0_1754442355.0221882
11,0.8531988015033638,,0.0,,rand_0A36YXPNV0,rand_0A36YXPNV0_1754442355.0221882
12,0.8531988015033638,,0.0,,rand_0A36YXPNV0,rand_0A36YXPNV0_1754442355.0221882
13,0.8531988015033638,,0.0,,rand_0A36YXPNV0,rand_0A36YXPNV0_1754442355.0221882
14,0.8531988015033638,,0.0,,rand_0A36YXPNV0,rand_0A36YXPNV0_1754442355.0221882
15,0.8531988015033638,,0.0,,rand_0A36YXPNV0,rand_0A36YXPNV0_1754442355.0221882
16,0.8531988015033638,,0.0,,rand_0A36YXPNV0,rand_0A36YXPNV0_1754442355.0221882
17,0.8531988015033638,,0.0,,rand_0A36YXPNV0,rand_0A36YXPNV0_1754442355.0221882
18,0.8531988015033638,,0.0,,rand_0A36YXPNV0,rand_0A36YXPNV0_1754442355.0221882
19,0.8531988015033638,,0.0,,rand_0A36YXPNV0,rand_0A36YXPNV0_1754442355.0221882
20,0.8531988015033638,,0.0,,rand_0A36YXPNV0,rand_0A36YXPNV0_1754442355.0221882
1,0.8371380597235644,,0.0310053359840239,,rand_0DKUIPHO4V,rand_0DKUIPHO4V_1754461072.0356214
2,0.8371380597235644,,0.0,,rand_0DKUIPHO4V,rand_0DKUIPHO4V_1754461072.0356214
3,0.8371380597235644,,0.0,,rand_0DKUIPHO4V,rand_0DKUIPHO4V_1754461072.0356214
4,0.8371380597235644,,0.0,,rand_0DKUIPHO4V,rand_0DKUIPHO4V_1754461072.0356214
5,0.8371380597235644,,0.0,,rand_0DKUIPHO4V,rand_0DKUIPHO4V_1754461072.0356214
6,0.8371380597235644,,0.0,,rand_0DKUIPHO4V,rand_0DKUIPHO4V_1754461072.0356214
7,0.8371380597235644,,0.0,,rand_0DKUIPHO4V,rand_0DKUIPHO4V_1754461072.0356214
8,0.8441220903841496,,0.0069840306605852,,rand_0DKUIPHO4V,rand_0DKUIPHO4V_1754461072.0356214
9,0.8441220903841496,,0.0,,rand_0DKUIPHO4V,rand_0DKUIPHO4V_1754461072.0356214
10,0.8441220903841496,,0.0,,rand_0DKUIPHO4V,rand_0DKUIPHO4V_1754461072.0356214
11,0.8569647251278213,,0.0128426347436716,,rand_0DKUIPHO4V,rand_0DKUIPHO4V_1754461072.0356214
12,0.8569647251278213,,0.0,,rand_0DKUIPHO4V,rand_0DKUIPHO4V_1754461072.0356214
13,0.8569859686268971,,2.1243499075840333e-05,,rand_0DKUIPHO4V,rand_0DKUIPHO4V_1754461072.0356214
14,0.8569859686268971,,0.0,,rand_0DKUIPHO4V,rand_0DKUIPHO4V_1754461072.0356214
15,0.8616948366836167,,0.0047088680567195,,rand_0DKUIPHO4V,rand_0DKUIPHO4V_1754461072.0356214
16,0.8616948366836167,,0.0,,rand_0DKUIPHO4V,rand_0DKUIPHO4V_1754461072.0356214
17,0.8616948366836167,,0.0,,rand_0DKUIPHO4V,rand_0DKUIPHO4V_1754461072.0356214
18,0.8616948366836167,,0.0,,rand_0DKUIPHO4V,rand_0DKUIPHO4V_1754461072.0356214
19,0.8616948366836167,,0.0,,rand_0DKUIPHO4V,rand_0DKUIPHO4V_1754461072.0356214
20,0.861770118303063,,7.528161944636569e-05,,rand_0DKUIPHO4V,rand_0DKUIPHO4V_1754461072.0356214
1,0.8699750091565098,,0.0,,rand_0CD8GFOYI4,rand_0CD8GFOYI4_1754456830.262264
2,0.8699750091565098,,0.0,,rand_0CD8GFOYI4,rand_0CD8GFOYI4_1754456830.262264
3,0.8699750091565098,,0.0,,rand_0CD8GFOYI4,rand_0CD8GFOYI4_1754456830.262264
4,0.877160846914662,,0.0071858377581521,,rand_0CD8GFOYI4,rand_0CD8GFOYI4_1754456830.262264
5,0.877160846914662,,0.0,,rand_0CD8GFOYI4,rand_0CD8GFOYI4_1754456830.262264
6,0.877160846914662,,0.0,,rand_0CD8GFOYI4,rand_0CD8GFOYI4_1754456830.262264
7,0.877160846914662,,0.0,,rand_0CD8GFOYI4,rand_0CD8GFOYI4_1754456830.262264
8,0.877160846914662,,0.0,,rand_0CD8GFOYI4,rand_0CD8GFOYI4_1754456830.262264
9,0.877160846914662,,0.0,,rand_0CD8GFOYI4,rand_0CD8GFOYI4_1754456830.262264
10,0.8944116282057767,,0.0172507812911146,,rand_0CD8GFOYI4,rand_0CD8GFOYI4_1754456830.262264
11,0.8944116282057767,,0.0,,rand_0CD8GFOYI4,rand_0CD8GFOYI4_1754456830.262264
12,0.8944116282057767,,0.0,,rand_0CD8GFOYI4,rand_0CD8GFOYI4_1754456830.262264
13,0.8944116282057767,,0.0,,rand_0CD8GFOYI4,rand_0CD8GFOYI4_1754456830.262264
14,0.8944116282057767,,0.0,,rand_0CD8GFOYI4,rand_0CD8GFOYI4_1754456830.262264
15,0.8944116282057767,,0.0,,rand_0CD8GFOYI4,rand_0CD8GFOYI4_1754456830.262264
16,0.8944116282057767,,0.0,,rand_0CD8GFOYI4,rand_0CD8GFOYI4_1754456830.262264
17,0.8944116282057767,,0.0,,rand_0CD8GFOYI4,rand_0CD8GFOYI4_1754456830.262264
18,0.8944116282057767,,0.0,,rand_0CD8GFOYI4,rand_0CD8GFOYI4_1754456830.262264
19,0.8944116282057767,,0.0,,rand_0CD8GFOYI4,rand_0CD8GFOYI4_1754456830.262264
20,0.8944116282057767,,0.0,,rand_0CD8GFOYI4,rand_0CD8GFOYI4_1754456830.262264
1,0.8402131702736316,,0.0336957085296782,,rand_0IO1V3IZIB,rand_0IO1V3IZIB_1754469569.1883965
2,0.8402131702736316,,0.0,,rand_0IO1V3IZIB,rand_0IO1V3IZIB_1754469569.1883965
3,0.8402131702736316,,0.0,,rand_0IO1V3IZIB,rand_0IO1V3IZIB_1754469569.1883965
4,0.8410704828422296,,0.000857312568598,,rand_0IO1V3IZIB,rand_0IO1V3IZIB_1754469569.1883965
5,0.8410704828422296,,0.0,,rand_0IO1V3IZIB,rand_0IO1V3IZIB_1754469569.1883965
6,0.8420056950551796,,0.00093521221295,,rand_0IO1V3IZIB,rand_0IO1V3IZIB_1754469569.1883965
7,0.8420056950551796,,0.0,,rand_0IO1V3IZIB,rand_0IO1V3IZIB_1754469569.1883965
8,0.8625923185513236,,0.0205866234961439,,rand_0IO1V3IZIB,rand_0IO1V3IZIB_1754469569.1883965
9,0.8625923185513236,,0.0,,rand_0IO1V3IZIB,rand_0IO1V3IZIB_1754469569.1883965
10,0.8625923185513236,,0.0,,rand_0IO1V3IZIB,rand_0IO1V3IZIB_1754469569.1883965
11,0.8625923185513236,,0.0,,rand_0IO1V3IZIB,rand_0IO1V3IZIB_1754469569.1883965
12,0.8625923185513236,,0.0,,rand_0IO1V3IZIB,rand_0IO1V3IZIB_1754469569.1883965
13,0.8676154938757372,,0.0050231753244136,,rand_0IO1V3IZIB,rand_0IO1V3IZIB_1754469569.1883965
14,0.8676154938757372,,0.0,,rand_0IO1V3IZIB,rand_0IO1V3IZIB_1754469569.1883965
15,0.8676154938757372,,0.0,,rand_0IO1V3IZIB,rand_0IO1V3IZIB_1754469569.1883965
16,0.8676154938757372,,0.0,,rand_0IO1V3IZIB,rand_0IO1V3IZIB_1754469569.1883965
17,0.8676154938757372,,0.0,,rand_0IO1V3IZIB,rand_0IO1V3IZIB_1754469569.1883965
18,0.8795863092192931,,0.0119708153435559,,rand_0IO1V3IZIB,rand_0IO1V3IZIB_1754469569.1883965
19,0.8795863092192931,,0.0,,rand_0IO1V3IZIB,rand_0IO1V3IZIB_1754469569.1883965
20,0.8795863092192931,,0.0,,rand_0IO1V3IZIB,rand_0IO1V3IZIB_1754469569.1883965
1,0.8125970296303635,,0.0,,rand_0ADI18HWRF,rand_0ADI18HWRF_1754448049.7329683
2,0.8125970296303635,,0.0,,rand_0ADI18HWRF,rand_0ADI18HWRF_1754448049.7329683
3,0.8125970296303635,,0.0,,rand_0ADI18HWRF,rand_0ADI18HWRF_1754448049.7329683
4,0.8125970296303635,,0.0,,rand_0ADI18HWRF,rand_0ADI18HWRF_1754448049.7329683
5,0.8198222154419639,,0.0072251858116003,,rand_0ADI18HWRF,rand_0ADI18HWRF_1754448049.7329683
6,0.8198222154419639,,0.0,,rand_0ADI18HWRF,rand_0ADI18HWRF_1754448049.7329683
7,0.8671406570230565,,0.0473184415810926,,rand_0ADI18HWRF,rand_0ADI18HWRF_1754448049.7329683
8,0.8671406570230565,,0.0,,rand_0ADI18HWRF,rand_0ADI18HWRF_1754448049.7329683
9,0.8671406570230565,,0.0,,rand_0ADI18HWRF,rand_0ADI18HWRF_1754448049.7329683
10,0.8671406570230565,,0.0,,rand_0ADI18HWRF,rand_0ADI18HWRF_1754448049.7329683
11,0.8671406570230565,,0.0,,rand_0ADI18HWRF,rand_0ADI18HWRF_1754448049.7329683
12,0.8671406570230565,,0.0,,rand_0ADI18HWRF,rand_0ADI18HWRF_1754448049.7329683
13,0.8671406570230565,,0.0,,rand_0ADI18HWRF,rand_0ADI18HWRF_1754448049.7329683
14,0.8671406570230565,,0.0,,rand_0ADI18HWRF,rand_0ADI18HWRF_1754448049.7329683
15,0.8671406570230565,,0.0,,rand_0ADI18HWRF,rand_0ADI18HWRF_1754448049.7329683
16,0.8671406570230565,,0.0,,rand_0ADI18HWRF,rand_0ADI18HWRF_1754448049.7329683
17,0.8671406570230565,,0.0,,rand_0ADI18HWRF,rand_0ADI18HWRF_1754448049.7329683
1,0.9697416221526818,,0.0,,rand_0CPIL3JGXE,rand_0CPIL3JGXE_1754457324.9702153
2,0.9697416221526818,,0.0,,rand_0CPIL3JGXE,rand_0CPIL3JGXE_1754457324.9702153
3,0.9697416221526818,,0.0,,rand_0CPIL3JGXE,rand_0CPIL3JGXE_1754457324.9702153
4,0.9697416221526818,,0.0,,rand_0CPIL3JGXE,rand_0CPIL3JGXE_1754457324.9702153
5,0.9697416221526818,,0.0,,rand_0CPIL3JGXE,rand_0CPIL3JGXE_1754457324.9702153
6,0.9697416221526818,,0.0,,rand_0CPIL3JGXE,rand_0CPIL3JGXE_1754457324.9702153
7,0.9697416221526818,,0.0,,rand_0CPIL3JGXE,rand_0CPIL3JGXE_1754457324.9702153
8,0.9697416221526818,,0.0,,rand_0CPIL3JGXE,rand_0CPIL3JGXE_1754457324.9702153
9,0.9697416221526818,,0.0,,rand_0CPIL3JGXE,rand_0CPIL3JGXE_1754457324.9702153
10,0.9697416221526818,,0.0,,rand_0CPIL3JGXE,rand_0CPIL3JGXE_1754457324.9702153
1,0.8023125300658308,,0.0,,rand_0DR6EJTF04,rand_0DR6EJTF04_1754461551.3884413
2,0.8023125300658308,,0.0,,rand_0DR6EJTF04,rand_0DR6EJTF04_1754461551.3884413
3,0.8224185058115525,,0.0201059757457217,,rand_0DR6EJTF04,rand_0DR6EJTF04_1754461551.3884413
4,0.8224185058115525,,0.0,,rand_0DR6EJTF04,rand_0DR6EJTF04_1754461551.3884413
5,0.8224185058115525,,0.0,,rand_0DR6EJTF04,rand_0DR6EJTF04_1754461551.3884413
6,0.8297032090360597,,0.0072847032245071,,rand_0DR6EJTF04,rand_0DR6EJTF04_1754461551.3884413
7,0.8297032090360597,,0.0,,rand_0DR6EJTF04,rand_0DR6EJTF04_1754461551.3884413
8,0.8297032090360597,,0.0,,rand_0DR6EJTF04,rand_0DR6EJTF04_1754461551.3884413
9,0.8297032090360597,,0.0,,rand_0DR6EJTF04,rand_0DR6EJTF04_1754461551.3884413
10,0.8297032090360597,,0.0,,rand_0DR6EJTF04,rand_0DR6EJTF04_1754461551.3884413
11,0.8297032090360597,,0.0,,rand_0DR6EJTF04,rand_0DR6EJTF04_1754461551.3884413
12,0.8513424038850964,,0.0216391948490367,,rand_0DR6EJTF04,rand_0DR6EJTF04_1754461551.3884413
13,0.8513424038850964,,0.0,,rand_0DR6EJTF04,rand_0DR6EJTF04_1754461551.3884413
14,0.8513424038850964,,0.0,,rand_0DR6EJTF04,rand_0DR6EJTF04_1754461551.3884413
15,0.8513424038850964,,0.0,,rand_0DR6EJTF04,rand_0DR6EJTF04_1754461551.3884413
16,0.8513424038850964,,0.0,,rand_0DR6EJTF04,rand_0DR6EJTF04_1754461551.3884413
17,0.8513424038850964,,0.0,,rand_0DR6EJTF04,rand_0DR6EJTF04_1754461551.3884413
18,0.8513424038850964,,0.0,,rand_0DR6EJTF04,rand_0DR6EJTF04_1754461551.3884413
19,0.8513424038850964,,0.0,,rand_0DR6EJTF04,rand_0DR6EJTF04_1754461551.3884413
20,0.8513424038850964,,0.0,,rand_0DR6EJTF04,rand_0DR6EJTF04_1754461551.3884413
1,0.785105338537781,,0.0124734445063187,,rand_0HO5R8VDXW,rand_0HO5R8VDXW_1754468323.2710667
2,0.785105338537781,,0.0,,rand_0HO5R8VDXW,rand_0HO5R8VDXW_1754468323.2710667
3,0.785105338537781,,0.0,,rand_0HO5R8VDXW,rand_0HO5R8VDXW_1754468323.2710667
4,0.785105338537781,,0.0,,rand_0HO5R8VDXW,rand_0HO5R8VDXW_1754468323.2710667
5,0.785105338537781,,0.0,,rand_0HO5R8VDXW,rand_0HO5R8VDXW_1754468323.2710667
6,0.785105338537781,,0.0,,rand_0HO5R8VDXW,rand_0HO5R8VDXW_1754468323.2710667
7,0.785105338537781,,0.0,,rand_0HO5R8VDXW,rand_0HO5R8VDXW_1754468323.2710667
8,0.785105338537781,,0.0,,rand_0HO5R8VDXW,rand_0HO5R8VDXW_1754468323.2710667
9,0.785105338537781,,0.0,,rand_0HO5R8VDXW,rand_0HO5R8VDXW_1754468323.2710667
10,0.785105338537781,,0.0,,rand_0HO5R8VDXW,rand_0HO5R8VDXW_1754468323.2710667
11,0.785105338537781,,0.0,,rand_0HO5R8VDXW,rand_0HO5R8VDXW_1754468323.2710667
1,0.8661524355082747,,0.0,,rand_0ILCE4RBCG,rand_0ILCE4RBCG_1754469244.9126134
2,0.8661524355082747,,0.0,,rand_0ILCE4RBCG,rand_0ILCE4RBCG_1754469244.9126134
3,0.8661524355082747,,0.0,,rand_0ILCE4RBCG,rand_0ILCE4RBCG_1754469244.9126134
4,0.8661524355082747,,0.0,,rand_0ILCE4RBCG,rand_0ILCE4RBCG_1754469244.9126134
5,0.8661524355082747,,0.0,,rand_0ILCE4RBCG,rand_0ILCE4RBCG_1754469244.9126134
6,0.8661524355082748,,1.1102230246251563e-16,,rand_0ILCE4RBCG,rand_0ILCE4RBCG_1754469244.9126134
7,0.8661524355082748,,0.0,,rand_0ILCE4RBCG,rand_0ILCE4RBCG_1754469244.9126134
8,0.8661524355082748,,0.0,,rand_0ILCE4RBCG,rand_0ILCE4RBCG_1754469244.9126134
9,0.8661524355082748,,0.0,,rand_0ILCE4RBCG,rand_0ILCE4RBCG_1754469244.9126134
10,0.8661524355082748,,0.0,,rand_0ILCE4RBCG,rand_0ILCE4RBCG_1754469244.9126134
1,0.7422233235002723,,0.0159350744498637,0.0159350744498637,rand_04IMMO8WDD,rand_04IMMO8WDD_1754901808.8007596
2,0.7422233235002723,,0.0,0.0159350744498637,rand_04IMMO8WDD,rand_04IMMO8WDD_1754901808.8007596
3,0.7431542124508507,,0.0009308889505783,0.0168659634004421,rand_04IMMO8WDD,rand_04IMMO8WDD_1754901808.8007596
4,0.773961796357858,,0.0308075839070073,0.0476735473074494,rand_04IMMO8WDD,rand_04IMMO8WDD_1754901808.8007596
5,0.773961796357858,,0.0,0.0476735473074494,rand_04IMMO8WDD,rand_04IMMO8WDD_1754901808.8007596
6,0.773961796357858,,0.0,0.0476735473074494,rand_04IMMO8WDD,rand_04IMMO8WDD_1754901808.8007596
7,0.773961796357858,,0.0,0.0476735473074494,rand_04IMMO8WDD,rand_04IMMO8WDD_1754901808.8007596
8,0.773961796357858,,0.0,0.0476735473074494,rand_04IMMO8WDD,rand_04IMMO8WDD_1754901808.8007596
9,0.773961796357858,,0.0,0.0476735473074494,rand_04IMMO8WDD,rand_04IMMO8WDD_1754901808.8007596
10,0.7995355912267544,,0.0255737948688964,0.0732473421763458,rand_04IMMO8WDD,rand_04IMMO8WDD_1754901808.8007596
11,0.7995355912267544,,0.0,0.0732473421763458,rand_04IMMO8WDD,rand_04IMMO8WDD_1754901808.8007596
12,0.7995355912267544,,0.0,0.0732473421763458,rand_04IMMO8WDD,rand_04IMMO8WDD_1754901808.8007596
13,0.7995355912267544,,0.0,0.0732473421763458,rand_04IMMO8WDD,rand_04IMMO8WDD_1754901808.8007596
14,0.7995355912267544,,0.0,0.0732473421763458,rand_04IMMO8WDD,rand_04IMMO8WDD_1754901808.8007596
15,0.7995355912267544,,0.0,0.0732473421763458,rand_04IMMO8WDD,rand_04IMMO8WDD_1754901808.8007596
16,0.7995355912267544,,0.0,0.0732473421763458,rand_04IMMO8WDD,rand_04IMMO8WDD_1754901808.8007596
17,0.7995355912267544,,0.0,0.0732473421763458,rand_04IMMO8WDD,rand_04IMMO8WDD_1754901808.8007596
18,0.7995355912267544,,0.0,0.0732473421763458,rand_04IMMO8WDD,rand_04IMMO8WDD_1754901808.8007596
19,0.7995355912267544,,0.0,0.0732473421763458,rand_04IMMO8WDD,rand_04IMMO8WDD_1754901808.8007596
20,0.7995355912267544,,0.0,0.0732473421763458,rand_04IMMO8WDD,rand_04IMMO8WDD_1754901808.8007596
